Submission id,Participant id,Status,Custom study tncs accepted at,Started at,Completed at,Reviewed at,Archived at,Time taken,Completion code,Total approvals,Age,Sex,Ethnicity simplified,Country of birth,Country of residence,Nationality,Language,Student status,Employment status
6a14e3295d0fead1b645c60b,6a0ce43ed2a41c5612a0fd8d,APPROVED,Not Applicable,2026-05-26T00:02:54.970000Z,2026-05-26T00:38:09.525000Z,2026-05-26T00:38:09.967000Z,2026-05-26T00:39:09.882653Z,2115.0,CLI7EFCV,5,44,Male,Black,Zimbabwe,United Kingdom,Zimbabwe,English,No,Full-Time
6a14e33c81a8cdd63c4b2149,6a0fa14c5b41a3ae00202b08,APPROVED,Not Applicable,2026-05-26T00:03:12.281000Z,2026-05-26T00:14:36.308000Z,2026-05-26T00:14:36.782000Z,2026-05-26T00:15:36.683804Z,685.0,CLI7EFCV,9,21,Female,White,Canada,Canada,Canada,English,Yes,Due to start a new job within the next month
6a14e34bb8e8af6f69030a05,63ffcb367b500c516d0648a2,APPROVED,Not Applicable,2026-05-26T00:05:30.121000Z,2026-05-26T00:28:34.109000Z,2026-05-26T00:28:34.517000Z,2026-05-26T00:29:34.427049Z,1384.0,CLI7EFCV,10864,40,Male,White,United States,United States,United States,English,DATA_EXPIRED,Full-Time
6a14e34c99b37291dec32037,69eb800832758d43f529f9af,APPROVED,Not Applicable,2026-05-26T00:03:29.130000Z,2026-05-26T00:15:52.619000Z,2026-05-26T00:15:53.061000Z,2026-05-26T00:16:52.956154Z,744.0,CLI7EFCV,393,19,Male,White,United States,United States,United States,English,Yes,"Not in paid work (e.g. homemaker', 'retired or disabled)"
6a14e34d71a81c70cb5b18cd,6a0091050bed43562ad05651,APPROVED,Not Applicable,2026-05-26T00:03:31.480000Z,2026-05-26T00:12:37.693000Z,2026-05-26T00:12:38.157000Z,2026-05-26T00:13:38.068753Z,547.0,CLI7EFCV,3,38,Female,White,United States,United States,United States,English,Yes,Unemployed (and job seeking)
6a14e34ee3737db9d98f0b72,69f2078d518573f5e0c2a0ec,APPROVED,Not Applicable,2026-05-26T00:05:48.585000Z,2026-05-26T00:25:22.421000Z,2026-05-26T00:25:22.858000Z,2026-05-26T00:26:22.758242Z,1174.0,CLI7EFCV,175,37,Male,White,Canada,Canada,Canada,English,No,Unemployed (and job seeking)
6a14e34f61cb62ce9ec263f3,69e9d5b36daaa56e75a6e35d,APPROVED,Not Applicable,2026-05-26T00:03:50.964000Z,2026-05-26T00:18:04.329000Z,2026-05-26T00:18:04.780000Z,2026-05-26T00:19:04.682304Z,854.0,CLI7EFCV,31,22,Male,White,Canada,Canada,Canada,English,Yes,Unemployed (and job seeking)
6a14e350aee5623b8128b373,6985f4fbf0d138e1b1231702,APPROVED,Not Applicable,2026-05-26T00:03:31.571000Z,2026-05-26T00:16:41.670000Z,2026-05-26T00:16:42.107000Z,2026-05-26T00:17:42.015827Z,791.0,CLI7EFCV,2843,70,Female,White,United States,United States,United States,English,No,"Not in paid work (e.g. homemaker', 'retired or disabled)"
6a14e350eac9a2701a91e392,5d352f8bb02857001963539a,APPROVED,Not Applicable,2026-05-26T00:06:53.728000Z,2026-05-26T00:17:06.120000Z,2026-05-26T00:17:06.545000Z,2026-05-26T00:18:06.466320Z,613.0,CLI7EFCV,4396,25,Male,White,United Kingdom,United Kingdom,United Kingdom,English,No,Part-Time
6a14e350f8df894dfdc53a07,6a06476993ecec9f530bb0eb,APPROVED,Not Applicable,2026-05-26T00:03:32.675000Z,2026-05-26T00:13:10.647000Z,2026-05-26T00:13:11.126000Z,2026-05-26T00:14:11.015450Z,578.0,CLI7EFCV,130,19,Male,White,United States,United States,DATA_EXPIRED,English,Yes,Unemployed (and job seeking)
6a14e3513cf57c9b2fdda282,69fd4bcdc749a26768dd1493,APPROVED,Not Applicable,2026-05-26T00:03:43.960000Z,2026-05-26T00:19:59.575000Z,2026-05-26T00:20:05.039000Z,2026-05-26T00:20:59.924533Z,976.0,CLI7EFCV,471,29,Male,White,United States,United States,United States,English,No,"Not in paid work (e.g. homemaker', 'retired or disabled)"
6a14e351e940fa061c703cf1,69f140935dc089bf8e145ba8,APPROVED,Not Applicable,2026-05-26T00:03:31.494000Z,2026-05-26T00:14:41.354000Z,2026-05-26T00:14:41.789000Z,2026-05-26T00:15:41.690384Z,670.0,CLI7EFCV,763,19,Female,White,United States,United States,United States,English,Yes,Unemployed (and job seeking)
6a14e3525b0926056606beba,65fb580ab7fbb2d518ee8eaa,APPROVED,Not Applicable,2026-05-26T00:03:46.439000Z,2026-05-26T00:20:10.105000Z,2026-05-26T00:20:10.599000Z,2026-05-26T00:21:10.502640Z,984.0,CLI7EFCV,7053,46,Female,DATA_EXPIRED,United States,United States,United States,English,DATA_EXPIRED,DATA_EXPIRED
6a14e3534fc5c7424b2b3046,6a0e8179d55ce95e1e06f4c6,APPROVED,Not Applicable,2026-05-26T00:03:43.889000Z,2026-05-26T00:26:56.213000Z,2026-05-26T00:26:56.666000Z,2026-05-26T00:27:56.563353Z,1393.0,CLI7EFCV,15,42,Male,White,Australia,Australia,Australia,English,No,Full-Time
6a14e355a74586f41c7bb8b0,69f8f44c913001399d8c3d60,APPROVED,Not Applicable,2026-05-26T00:04:45.375000Z,2026-05-26T00:25:58.727000Z,2026-05-26T00:25:59.159000Z,2026-05-26T00:26:59.059855Z,1274.0,CLI7EFCV,183,24,Female,White,United States,United States,United States,English,No,Part-Time
6a14e355d6f2c8944a7ea73e,68183d9262ed25cc79b3fe1a,APPROVED,Not Applicable,2026-05-26T00:03:46.956000Z,2026-05-26T00:20:03.232000Z,2026-05-26T00:20:03.670000Z,2026-05-26T00:21:03.569831Z,977.0,CLI7EFCV,188,51,Male,White,Australia,Australia,Australia,English,No,Unemployed (and job seeking)
6a14e356af2560dfa4c940ad,69bb10000cc8802bec0a15df,APPROVED,Not Applicable,2026-05-26T00:03:34.793000Z,2026-05-26T00:14:39.139000Z,2026-05-26T00:14:39.585000Z,2026-05-26T00:15:39.486498Z,665.0,CLI7EFCV,88,49,Female,White,Canada,Canada,Canada,English,No,Full-Time
6a14e357430cff21fb3c399a,69c1301bd2f8a8a76342436f,APPROVED,Not Applicable,2026-05-26T00:03:49.191000Z,2026-05-26T00:13:03.137000Z,2026-05-26T00:13:03.607000Z,2026-05-26T00:14:03.492850Z,554.0,CLI7EFCV,332,27,Male,White,Canada,Canada,Canada,English,No,Part-Time
6a14e3579d89df0baa08d440,5bc73b9f821054000181a853,APPROVED,Not Applicable,2026-05-26T00:03:35.393000Z,2026-05-26T00:20:23.002000Z,2026-05-26T00:20:23.466000Z,2026-05-26T00:21:23.377659Z,1008.0,CLI7EFCV,5124,56,Male,White,United Kingdom,United Kingdom,United Kingdom,English,No,Full-Time
6a14e357c8e63ce13b34ae76,6a061943343f1c800365f8f4,APPROVED,Not Applicable,2026-05-26T00:03:38.243000Z,2026-05-26T00:14:54.892000Z,2026-05-26T00:14:55.383000Z,2026-05-26T00:15:55.276698Z,677.0,CLI7EFCV,98,19,Male,Mixed,United States,United States,DATA_EXPIRED,English,Yes,Part-Time
6a14e3587b07c4fd5dbd5c07,668d3b9862f5a356423ded45,APPROVED,Not Applicable,2026-05-26T00:05:59.438000Z,2026-05-26T00:18:11.571000Z,2026-05-26T00:18:15.082000Z,2026-05-26T00:19:11.921448Z,733.0,CLI7EFCV,3691,39,Male,Other,United States,United States,United States,English,No,Part-Time
6a14e358d53fce695b2e8bf6,673a37f0ad04c995c8322ca6,APPROVED,Not Applicable,2026-05-26T00:08:06.729000Z,2026-05-26T00:18:30.305000Z,2026-05-26T00:18:35.811000Z,2026-05-26T00:19:30.672866Z,624.0,CLI7EFCV,4419,31,Male,Asian,Singapore,United States,United States,English,No,Full-Time
6a14e35908d6e7189ee95157,610acbfd3ae11a1b16a1c3ee,APPROVED,Not Applicable,2026-05-26T00:06:50.833000Z,2026-05-26T00:40:08.661000Z,2026-05-26T00:40:09.113000Z,2026-05-26T00:41:09.015638Z,1998.0,CLI7EFCV,3982,42,Female,White,Ireland,United Kingdom,Ireland,English,No,Full-Time
6a14e3594ee90d7939c3d66f,582c71a66ef28c00019a1068,APPROVED,Not Applicable,2026-05-26T00:03:37.582000Z,2026-05-26T00:19:16.586000Z,2026-05-26T00:19:17.062000Z,2026-05-26T00:20:16.937848Z,940.0,CLI7EFCV,9469,37,Male,White,United States,United States,United States,English,No,Full-Time
6a14e3596634cc12d75678e7,663ec082ac648a94b67b3cb0,APPROVED,Not Applicable,2026-05-26T00:05:10.356000Z,2026-05-26T00:15:49.377000Z,2026-05-26T00:15:49.820000Z,2026-05-26T00:16:49.723447Z,640.0,CLI7EFCV,114,26,Male,Asian,United States,United States,United States,English,DATA_EXPIRED,DATA_EXPIRED
6a14e35a370e703a935963d2,6a0ba1047f3aa61ff412ce86,APPROVED,Not Applicable,2026-05-26T00:03:43.503000Z,2026-05-26T00:14:56.532000Z,2026-05-26T00:14:57.024000Z,2026-05-26T00:15:56.936995Z,674.0,CLI7EFCV,75,20,Male,White,United States,United States,United States,English,Yes,Unemployed (and job seeking)
6a14e35a6a13f4f0ed217f5e,6a0f7d66c97e568f4d8fdab8,APPROVED,Not Applicable,2026-05-26T00:03:43.970000Z,2026-05-26T00:20:21.031000Z,2026-05-26T00:20:21.482000Z,2026-05-26T00:21:21.387606Z,998.0,CLI7EFCV,24,30,Female,White,United States,United States,United States,English,No,Full-Time
6a14e35a88780e348bee62e2,69b329d3434d54946c4bd2e3,APPROVED,Not Applicable,2026-05-26T00:05:16.385000Z,2026-05-26T00:24:23.507000Z,2026-05-26T00:24:23.943000Z,2026-05-26T00:25:23.849211Z,1148.0,CLI7EFCV,762,24,Female,Asian,United States,United States,United States,English,Yes,Part-Time
6a14e35b35285f0b58df8861,69418ebfb04bf4817751cb44,APPROVED,Not Applicable,2026-05-26T00:03:46.106000Z,2026-05-26T00:29:14.010000Z,2026-05-26T00:29:14.458000Z,2026-05-26T00:30:14.365636Z,1528.0,CLI7EFCV,99,37,Male,White,United States,Brazil,United States,English,No,Full-Time
6a14e35b561d14fbfed01d79,69fed04a4ec7346243a16e8f,APPROVED,Not Applicable,2026-05-26T00:03:41.749000Z,2026-05-26T00:10:27.896000Z,2026-05-26T00:10:28.316000Z,2026-05-26T00:11:28.224297Z,407.0,CLI7EFCV,304,22,Male,Black,United States,United States,United States,English,No,Unemployed (and job seeking)
6a14e35b6a13f4f0ed217f60,6985d2c030e6415f9dc00e00,APPROVED,Not Applicable,2026-05-26T00:03:42.915000Z,2026-05-26T00:18:42.182000Z,2026-05-26T00:18:42.631000Z,2026-05-26T00:19:42.540788Z,900.0,CLI7EFCV,2860,59,Female,White,United States,United States,United States,English,No,Full-Time
6a14e35c435b3a631d40d992,646eb15ee5446a66e5e5fbd3,APPROVED,Not Applicable,2026-05-26T00:03:47.018000Z,2026-05-26T00:24:41.973000Z,2026-05-26T00:24:42.602000Z,2026-05-26T00:25:42.504212Z,1255.0,CLI7EFCV,1537,43,Male,White,Australia,Australia,Australia,English,Yes,Part-Time
6a14e35c4886f4321e9a101c,6a0e3f9d50f5ba1a54db53fd,APPROVED,Not Applicable,2026-05-26T00:03:40.262000Z,2026-05-26T00:15:56.272000Z,2026-05-26T00:15:58.045000Z,2026-05-26T00:16:56.629211Z,737.0,CLI7EFCV,10,44,Male,Asian,United Kingdom,United Kingdom,United Kingdom,English,No,"Not in paid work (e.g. homemaker', 'retired or disabled)"
6a14e35cf2689c75b05c6167,665bbfa121c18bac60ffa334,APPROVED,Not Applicable,2026-05-26T00:03:42.553000Z,2026-05-26T00:14:09.354000Z,2026-05-26T00:14:09.787000Z,2026-05-26T00:15:09.699511Z,627.0,CLI7EFCV,1543,34,Male,Mixed,Germany,United States,United States,English,No,Full-Time
6a14e35d045f2a16a6d01d78,69c51f699b916bd294dcebb6,APPROVED,Not Applicable,2026-05-26T00:04:29.374000Z,2026-05-26T00:22:03.078000Z,2026-05-26T00:22:03.496000Z,2026-05-26T00:23:03.394211Z,1054.0,CLI7EFCV,143,20,Female,White,Canada,Canada,Canada,English,Yes,Unemployed (and job seeking)
6a14e35dafe8a4809375f8f7,6978fbffc6d80345d4d3f02b,APPROVED,Not Applicable,2026-05-26T00:05:09.200000Z,2026-05-26T00:16:05.353000Z,2026-05-26T00:16:10.841000Z,2026-05-26T00:17:05.699319Z,657.0,CLI7EFCV,352,22,Female,White,United Kingdom,United Kingdom,United Kingdom,English,Yes,Part-Time
6a14e35ddf677e92365963d0,6a1367055e82b8a9a60fcfa7,APPROVED,Not Applicable,2026-05-26T00:03:44.094000Z,2026-05-26T00:16:09.185000Z,2026-05-26T00:16:09.645000Z,2026-05-26T00:17:09.527053Z,746.0,CLI7EFCV,24,28,Female,White,United States,United States,United States,English,No,Other
6a14e35df7218bb93ec94ebe,6a0de942c11b866cac7686fc,APPROVED,Not Applicable,2026-05-26T00:03:49.079000Z,2026-05-26T00:18:27.393000Z,2026-05-26T00:18:27.823000Z,2026-05-26T00:19:27.741368Z,879.0,CLI7EFCV,50,34,Male,White,United States,United States,United States,English,No,Full-Time
6a14e35e399099ac431eba29,5e76d2652d882b2481d65066,APPROVED,Not Applicable,2026-05-26T00:03:45.498000Z,2026-05-26T00:13:54.391000Z,2026-05-26T00:13:54.804000Z,2026-05-26T00:14:54.709307Z,609.0,CLI7EFCV,6135,26,Female,Asian,United States,United States,United States,English,No,Full-Time
6a14e35e9c20ccfade782875,676ed8014625d5ebd417b5f2,APPROVED,Not Applicable,2026-05-26T00:03:49.378000Z,2026-05-26T00:28:21.926000Z,2026-05-26T00:28:22.373000Z,2026-05-26T00:29:22.284914Z,1473.0,CLI7EFCV,10581,61,Female,White,United States,United States,United States,English,No,Unemployed (and job seeking)
6a14e35ee3737db9d98f0b76,6a0cd9ac064807d8fe113ff6,APPROVED,Not Applicable,2026-05-26T00:03:42.465000Z,2026-05-26T00:19:52.878000Z,2026-05-26T00:19:53.311000Z,2026-05-26T00:20:53.218995Z,971.0,CLI7EFCV,12,25,Male,White,Canada,Canada,Canada,English,No,Full-Time
6a14e35f24ee5b0d9fab9508,66b73f9ba035651170b94c76,APPROVED,Not Applicable,2026-05-26T00:03:48.231000Z,2026-05-26T00:14:58.835000Z,2026-05-26T00:14:59.262000Z,2026-05-26T00:15:59.174737Z,671.0,CLI7EFCV,7949,44,Female,White,United Kingdom,United Kingdom,United Kingdom,English,No,Full-Time
6a14e35f28aa7dff173fc888,6657b0d02e5dfa6c2663a647,APPROVED,Not Applicable,2026-05-26T00:03:43.770000Z,2026-05-26T00:18:27.448000Z,2026-05-26T00:18:32.945000Z,2026-05-26T00:19:27.827139Z,884.0,CLI7EFCV,5660,38,Male,White,United States,United States,United States,English,No,Unemployed (and job seeking)
6a14e35f71a3c549dc0f099f,69e9594b4432d9bf54d4ded9,APPROVED,Not Applicable,2026-05-26T00:08:49.373000Z,2026-05-26T00:31:55.445000Z,2026-05-26T00:31:55.906000Z,2026-05-26T00:32:55.821596Z,1387.0,CLI7EFCV,118,54,Male,White,Canada,Canada,Canada,English,No,Other
6a14e3606cc539379d07e5c9,6752993adafe95d86087831b,APPROVED,Not Applicable,2026-05-26T00:10:15.108000Z,2026-05-26T00:28:08.917000Z,2026-05-26T00:28:09.424000Z,2026-05-26T00:29:09.297973Z,1074.0,CLI7EFCV,2459,39,Female,Other,United States,United States,United States,English,No,Full-Time
6a14e360829696b7e22bff29,610b1f14463b800b75ec7b44,APPROVED,Not Applicable,2026-05-26T00:05:21.589000Z,2026-05-26T00:18:18.870000Z,2026-05-26T00:18:19.331000Z,2026-05-26T00:19:19.228671Z,778.0,CLI7EFCV,5106,42,Male,White,Australia,Australia,Australia,English,No,Full-Time
6a14e360898d386ae1edab4e,6a0cbba05b9c2fa73b83f33d,APPROVED,Not Applicable,2026-05-26T00:03:47.503000Z,2026-05-26T00:12:32.646000Z,2026-05-26T00:12:33.084000Z,2026-05-26T00:13:32.975924Z,526.0,CLI7EFCV,64,22,Male,Mixed,United States,United States,United States,English,Yes,Full-Time
6a14e360e81e5c600aaf5933,66e8661e0c5e57cda7bf2d39,APPROVED,Not Applicable,2026-05-26T00:07:36.713000Z,2026-05-26T00:28:27.870000Z,2026-05-26T00:28:28.319000Z,2026-05-26T00:29:28.209699Z,1252.0,CLI7EFCV,6835,28,Male,White,United States,United States,United States,English,No,Full-Time
6a14e361409bad414e131fdd,6a10cb6338ad938168dbbb18,APPROVED,Not Applicable,2026-05-26T00:03:45.128000Z,2026-05-26T00:16:03.401000Z,2026-05-26T00:16:03.885000Z,2026-05-26T00:17:03.806300Z,739.0,CLI7EFCV,71,26,Female,White,United States,United States,United States,English,Yes,Unemployed (and job seeking)
6a14e361f261a5a1aa06bea9,5a986d1789de8200013ef74e,APPROVED,Not Applicable,2026-05-26T00:03:49.923000Z,2026-05-26T00:15:37.792000Z,2026-05-26T00:15:38.232000Z,2026-05-26T00:16:38.134982Z,708.0,CLI7EFCV,4462,52,Female,White,United Kingdom,United Kingdom,United Kingdom,English,No,Full-Time
6a14e362998dc81d84460f72,69fcc29468400a04dc7e3b51,APPROVED,Not Applicable,2026-05-26T00:07:49.792000Z,2026-05-26T00:25:47.755000Z,2026-05-26T00:25:48.208000Z,2026-05-26T00:26:48.109352Z,1078.0,CLI7EFCV,138,38,Male,White,United Kingdom,United Kingdom,United Kingdom,English,No,"Not in paid work (e.g. homemaker', 'retired or disabled)"
6a14e362a454b9ff75a52935,67c0d2988b43f53cb31dd00e,APPROVED,Not Applicable,2026-05-26T00:06:06.350000Z,2026-05-26T00:16:36.152000Z,2026-05-26T00:16:36.635000Z,2026-05-26T00:17:36.500794Z,630.0,CLI7EFCV,720,34,Male,Mixed,Canada,Canada,Canada,English,No,Part-Time
6a14e362affa2945c2ea078b,5fb3eee93064870009d4ed30,APPROVED,Not Applicable,2026-05-26T00:03:52.746000Z,2026-05-26T00:16:23.153000Z,2026-05-26T00:16:23.565000Z,2026-05-26T00:17:23.462334Z,751.0,CLI7EFCV,1972,68,Female,White,United Kingdom,United Kingdom,United Kingdom,English,No,"Not in paid work (e.g. homemaker', 'retired or disabled)"
6a14e36308766d8c500309ff,5e6a285eb7c24208ef1b9569,APPROVED,Not Applicable,2026-05-26T00:03:52.806000Z,2026-05-26T00:24:28.275000Z,2026-05-26T00:24:33.735000Z,2026-05-26T00:25:28.618871Z,1236.0,CLI7EFCV,5982,45,Female,Black,United States,United States,United States,English,DATA_EXPIRED,DATA_EXPIRED
6a14e363d6e6a1441fbdf912,69dd1422c5689141cfe93acf,APPROVED,Not Applicable,2026-05-26T00:03:55.502000Z,2026-05-26T00:13:18.468000Z,2026-05-26T00:13:18.976000Z,2026-05-26T00:14:18.818603Z,563.0,CLI7EFCV,607,39,Male,White,United States,United States,United States,English,No,Unemployed (and job seeking)
6a14e363e3bd2597643005a5,6a11a434b06823950a4448a5,APPROVED,Not Applicable,2026-05-26T00:03:55.051000Z,2026-05-26T00:24:28.157000Z,2026-05-26T00:24:28.606000Z,2026-05-26T00:25:28.522712Z,1234.0,CLI7EFCV,2,25,Male,Black,United Kingdom,United Kingdom,United Kingdom,English,No,Full-Time
6a14e364561d14fbfed01d7b,6a1092dfdbdfe7bdae57c3fd,APPROVED,Not Applicable,2026-05-26T00:03:54.370000Z,2026-05-26T00:20:51.877000Z,2026-05-26T00:20:52.350000Z,2026-05-26T00:21:52.248715Z,1018.0,CLI7EFCV,1,48,Female,White,Canada,Canada,Canada,English,No,Unemployed (and job seeking)
6a14e3648fe863efc379ee51,66a3279007dbdd4d6d3a64a7,APPROVED,Not Applicable,2026-05-26T00:05:32.757000Z,2026-05-26T00:24:34.584000Z,2026-05-26T00:24:35.056000Z,2026-05-26T00:25:34.939355Z,1142.0,CLI7EFCV,3173,32,Male,Black,United States,United States,United States,English,DATA_EXPIRED,DATA_EXPIRED
6a14e364cabc167fdd58ea89,6a0d1f29937a492e8dcafcf4,APPROVED,Not Applicable,2026-05-26T00:04:39.016000Z,2026-05-26T00:15:42.406000Z,2026-05-26T00:15:42.846000Z,2026-05-26T00:16:42.762644Z,664.0,CLI7EFCV,168,46,Female,White,United States,United States,United States,English,No,Full-Time
6a14e364d995e6774816dee2,67b60f63759e4a2a6d5cd14e,APPROVED,Not Applicable,2026-05-26T00:04:30.369000Z,2026-05-26T00:19:01.787000Z,2026-05-26T00:19:07.247000Z,2026-05-26T00:20:02.127817Z,872.0,CLI7EFCV,2332,70,Male,White,Canada,Canada,Canada,English,No,"Not in paid work (e.g. homemaker', 'retired or disabled)"
6a14e365f320f74482b2586d,5d61cd67d882d6001ab29af3,APPROVED,Not Applicable,2026-05-26T00:03:55.210000Z,2026-05-26T00:18:05.257000Z,2026-05-26T00:18:05.751000Z,2026-05-26T00:19:05.624250Z,851.0,CLI7EFCV,80,36,Male,Black,United States,United States,United States,English,No,Full-Time
6a14e36663c070ef3da28852,69ed298b3dcc3d6dfd0773ed,APPROVED,Not Applicable,2026-05-26T00:05:50.870000Z,2026-05-26T00:29:58.702000Z,2026-05-26T00:29:59.156000Z,2026-05-26T00:30:59.055863Z,1448.0,CLI7EFCV,90,34,Female,White,Canada,Canada,Canada,English,No,Full-Time
6a14e3669d89df0baa08d443,695ff4fe4f0d272093f0acb1,APPROVED,Not Applicable,2026-05-26T00:03:58.738000Z,2026-05-26T00:28:56.306000Z,2026-05-26T00:28:56.760000Z,2026-05-26T00:29:56.677788Z,1498.0,CLI7EFCV,1268,40,Male,White,United States,United States,United States,English,No,Full-Time
6a14e3672108b9cd42926e28,69dc2857f624bf62f1266d4d,APPROVED,Not Applicable,2026-05-26T00:03:54.418000Z,2026-05-26T00:19:11.613000Z,2026-05-26T00:19:12.059000Z,2026-05-26T00:20:11.948925Z,918.0,CLI7EFCV,565,23,Female,Mixed,United States,United States,United States,English,No,Due to start a new job within the next month
6a14e36775077815fc3ec3a9,6951eec04697f5730cc515d5,APPROVED,Not Applicable,2026-05-26T00:03:58.600000Z,2026-05-26T00:14:00.390000Z,2026-05-26T00:14:00.831000Z,2026-05-26T00:15:00.731118Z,602.0,CLI7EFCV,2204,45,Male,White,United States,United States,United States,English,No,Full-Time
6a14e36781969dc45fdfba37,691505db42a79f417daadef7,APPROVED,Not Applicable,2026-05-26T00:03:53.753000Z,2026-05-26T00:09:54.713000Z,2026-05-26T00:09:55.166000Z,2026-05-26T00:10:55.069133Z,361.0,CLI7EFCV,1971,20,Male,Black,Canada,Canada,Canada,English,No,Unemployed (and job seeking)
6a14e367d7baacbfc7e0505b,69aef3184b302c9452b5e50f,APPROVED,Not Applicable,2026-05-26T00:03:54.427000Z,2026-05-26T00:27:39.439000Z,2026-05-26T00:27:39.863000Z,2026-05-26T00:28:39.775940Z,1426.0,CLI7EFCV,229,23,Female,Black,United States,United States,United States,English,Yes,Unemployed (and job seeking)
6a14e36811efd9fcc7df8857,6a0ba173e22bd58b2bc3a1d5,APPROVED,Not Applicable,2026-05-26T00:03:57.193000Z,2026-05-26T00:20:29.945000Z,2026-05-26T00:20:30.365000Z,2026-05-26T00:21:30.277001Z,993.0,CLI7EFCV,51,44,Male,White,United Kingdom,United Kingdom,United Kingdom,English,No,Full-Time
6a14e36859086578801e73ed,668c7b0e5642f9afa3ce980a,APPROVED,Not Applicable,2026-05-26T00:03:58.691000Z,2026-05-26T00:17:14.189000Z,2026-05-26T00:17:14.621000Z,2026-05-26T00:18:14.509385Z,796.0,CLI7EFCV,600,35,Male,Asian,Indonesia,Australia,Australia,English,No,Full-Time
6a14e36899b14b9550a97ba8,6934d15f5d001b383f9366a9,APPROVED,Not Applicable,2026-05-26T00:04:08.441000Z,2026-05-26T00:16:17.672000Z,2026-05-26T00:16:18.139000Z,2026-05-26T00:17:18.025296Z,730.0,CLI7EFCV,548,32,Female,Mixed,United States,Sweden,United States,English,No,Other
6a14e368ebf2615af865b322,66c7e91a3fe8836a713ba192,APPROVED,Not Applicable,2026-05-26T00:06:10.948000Z,2026-05-26T00:20:42.823000Z,2026-05-26T00:20:43.326000Z,2026-05-26T00:21:43.189813Z,872.0,CLI7EFCV,1011,36,Female,White,United States,United States,United States,English,No,DATA_EXPIRED
6a14e369c827eb17f08b1dd0,5eace152e25d6800091dd418,APPROVED,Not Applicable,2026-05-26T00:04:09.279000Z,2026-05-26T00:37:31.576000Z,2026-05-26T00:37:32.080000Z,2026-05-26T00:38:31.988823Z,2003.0,CLI7EFCV,9162,47,Female,Black,United States,United States,United States,English,No,DATA_EXPIRED
6a14e369d4ee89a96c4b3e1d,6a13dbaf918fa14ec004caf9,APPROVED,Not Applicable,2026-05-26T00:03:58.235000Z,2026-05-26T00:11:25.361000Z,2026-05-26T00:11:25.798000Z,2026-05-26T00:12:25.685850Z,448.0,CLI7EFCV,7,32,Female,White,United States,United States,United States,English,No,Unemployed (and job seeking)
6a14e369f19aa97922068bdc,673261aea87e76010a5c969a,APPROVED,Not Applicable,2026-05-26T00:03:56.061000Z,2026-05-26T00:24:49.370000Z,2026-05-26T00:24:49.828000Z,2026-05-26T00:25:49.725646Z,1254.0,CLI7EFCV,2200,36,Female,Black,United Kingdom,United Kingdom,United Kingdom,English,No,Full-Time
6a14e36a0af92222e68116b0,6a05ddfc4e1e07322a8f4e2a,APPROVED,Not Applicable,2026-05-26T00:03:59.971000Z,2026-05-26T00:24:27.604000Z,2026-05-26T00:24:28.054000Z,2026-05-26T00:25:27.951385Z,1228.0,CLI7EFCV,39,34,Male,White,United Kingdom,United Kingdom,United Kingdom,English,No,Full-Time
6a14e36a29289008dc052999,6a14d83591d0cd97d8e4b349,APPROVED,Not Applicable,2026-05-26T00:03:58.845000Z,2026-05-26T00:18:17.600000Z,2026-05-26T00:18:18.015000Z,2026-05-26T00:19:17.919281Z,859.0,CLI7EFCV,1,19,Male,Mixed,United States,United States,United States,English,Yes,Unemployed (and job seeking)
6a14e36ac689ec0f25f1e9b5,6a04e1b66657c894453659fe,APPROVED,Not Applicable,2026-05-26T00:04:07.647000Z,2026-05-26T00:22:15.288000Z,2026-05-26T00:22:15.729000Z,2026-05-26T00:23:15.645005Z,1088.0,CLI7EFCV,7,39,Female,Mixed,Canada,Canada,Canada,English,No,Other
6a14e36b0823f29ac5b601d9,69e6c631e0034bce27777e47,APPROVED,Not Applicable,2026-05-26T00:12:29.121000Z,2026-05-26T00:25:14.793000Z,2026-05-26T00:25:15.229000Z,2026-05-26T00:26:15.135368Z,766.0,CLI7EFCV,98,36,Male,Asian,Philippines,Canada,Canada,English,No,Full-Time
6a14e36b2b82ede350684c07,69601b75e222e16eba858689,APPROVED,Not Applicable,2026-05-26T00:03:57.671000Z,2026-05-26T00:11:47.078000Z,2026-05-26T00:11:47.517000Z,2026-05-26T00:12:47.426649Z,470.0,CLI7EFCV,435,32,Male,White,United States,United States,United States,English,Yes,Part-Time
6a14e36b7ca8f5463d068bc2,60cef7be32400c5dd5a5a10f,APPROVED,Not Applicable,2026-05-26T00:13:45.297000Z,2026-05-26T00:27:12.790000Z,2026-05-26T00:27:18.271000Z,2026-05-26T00:28:13.141023Z,808.0,CLI7EFCV,3725,30,Male,White,United States,United States,United States,English,Yes,Full-Time
6a14e36b81969dc45fdfba3a,6a0a472eac964cd7cff4d789,APPROVED,Not Applicable,2026-05-26T00:04:11.412000Z,2026-05-26T00:27:07.820000Z,2026-05-26T00:27:08.263000Z,2026-05-26T00:28:08.174072Z,1377.0,CLI7EFCV,12,62,Female,Mixed,Canada,Canada,Canada,English,No,Unemployed (and job seeking)
6a14e36c3edbc472343fc868,67ad9cde850439d06ff7f242,APPROVED,Not Applicable,2026-05-26T00:03:59.532000Z,2026-05-26T00:16:29.310000Z,2026-05-26T00:16:29.763000Z,2026-05-26T00:17:29.679843Z,750.0,CLI7EFCV,720,27,Male,Black,United States,United States,United States,English,No,Full-Time
6a14e36c7bc06218239bdb3e,6993243ae21bc4bc052fb60e,APPROVED,Not Applicable,2026-05-26T00:04:00.016000Z,2026-05-26T00:13:19.561000Z,2026-05-26T00:13:20.196000Z,2026-05-26T00:14:20.102288Z,560.0,CLI7EFCV,660,36,Male,White,United States,United States,United States,English,No,"Not in paid work (e.g. homemaker', 'retired or disabled)"
6a14e36cbbd5c842142789b9,698e966c3a99486f85e6c6ea,APPROVED,Not Applicable,2026-05-26T00:04:03.738000Z,2026-05-26T00:29:00.662000Z,2026-05-26T00:29:01.147000Z,2026-05-26T00:30:01.001349Z,1497.0,CLI7EFCV,1357,51,Female,Prefer not to say,United States,United States,United States,English,No,Full-Time
6a14e36d4fb25f10eb1fa2e3,69ed963e0af6903f29328195,APPROVED,Not Applicable,2026-05-26T00:03:57.673000Z,2026-05-26T00:14:59.694000Z,2026-05-26T00:15:00.130000Z,2026-05-26T00:16:00.025905Z,663.0,CLI7EFCV,119,19,Male,White,United Kingdom,United Kingdom,United Kingdom,English,No,Full-Time
6a14e36d4fc5c7424b2b3049,65b929230cff388d15dd5c4c,APPROVED,Not Applicable,2026-05-26T00:09:51.692000Z,2026-05-26T00:24:25.100000Z,2026-05-26T00:24:25.571000Z,2026-05-26T00:25:25.476776Z,874.0,CLI7EFCV,4764,44,Male,White,United States,United States,United States,English,DATA_EXPIRED,DATA_EXPIRED
6a14e36da454b9ff75a52939,5fb5ef0ab61b9e02d5752768,APPROVED,Not Applicable,2026-05-26T00:04:01.893000Z,2026-05-26T00:19:25.601000Z,2026-05-26T00:19:26.146000Z,2026-05-26T00:20:26.013757Z,924.0,CLI7EFCV,3872,39,Male,Black,United States,United States,Haiti,English,DATA_EXPIRED,Part-Time
6a14e36dfbede47cc5845503,69fbf4da0c9610d2057a8e76,APPROVED,Not Applicable,2026-05-26T00:04:00.742000Z,2026-05-26T00:19:44.230000Z,2026-05-26T00:19:45.981000Z,2026-05-26T00:20:44.589332Z,944.0,CLI7EFCV,25,30,Female,Black,United States,United States,United States,English,Yes,Full-Time
6a14e36e635b28b7be44f8c1,6742d74e9f7b3b029a3791a6,APPROVED,Not Applicable,2026-05-26T00:04:09.518000Z,2026-05-26T00:35:15.779000Z,2026-05-26T00:35:16.223000Z,2026-05-26T00:36:16.137346Z,1867.0,CLI7EFCV,3804,37,Male,Mixed,United States,United States,United States,English,No,Full-Time
6a14e36e8e1ce2cda49b79cd,6924dee4e21024f281ffd6b3,APPROVED,Not Applicable,2026-05-26T00:03:58.629000Z,2026-05-26T00:15:56.678000Z,2026-05-26T00:16:02.332000Z,2026-05-26T00:16:57.195090Z,719.0,CLI7EFCV,904,38,Male,White,Australia,Australia,Australia,English,Yes,Part-Time
6a14e36ec8e63ce13b34ae7f,5fc7a6aaa7646c0009521161,APPROVED,Not Applicable,2026-05-26T00:04:02.550000Z,2026-05-26T00:12:58.070000Z,2026-05-26T00:12:58.511000Z,2026-05-26T00:13:58.426593Z,536.0,CLI7EFCV,10814,55,Male,White,United States,United States,United States,English,DATA_EXPIRED,DATA_EXPIRED
6a14e36f4d3518b546e936fd,66929a6a268ccf0d6fce0d52,APPROVED,Not Applicable,2026-05-26T00:04:08.046000Z,2026-05-26T00:19:05.478000Z,2026-05-26T00:19:05.915000Z,2026-05-26T00:20:05.825640Z,898.0,CLI7EFCV,2595,60,Female,White,United Kingdom,United Kingdom,United Kingdom,English,No,DATA_EXPIRED
6a14e36f90ef7d371f3dd865,647dde92d730823a9e5c7f0f,APPROVED,Not Applicable,2026-05-26T00:09:10.763000Z,2026-05-26T00:25:03.666000Z,2026-05-26T00:25:04.124000Z,2026-05-26T00:26:04.027806Z,953.0,CLI7EFCV,9205,61,Female,Mixed,United States,United States,United States,English,No,Full-Time
6a14e370399099ac431eba2c,69d6e3a3726fa31f11ed71a6,APPROVED,Not Applicable,2026-05-26T00:04:06.639000Z,2026-05-26T00:18:14.673000Z,2026-05-26T00:18:35.246000Z,2026-05-26T00:19:15.447825Z,849.0,CLI7EFCV,150,32,Male,White,United States,United States,United States,English,No,Full-Time
6a14e3704ef5c30e1a5a3e44,67dbbdb452081ea930c8ab17,APPROVED,Not Applicable,2026-05-26T00:13:05.644000Z,2026-05-26T00:44:55.406000Z,2026-05-26T00:44:55.872000Z,2026-05-26T00:45:55.750383Z,1910.0,CLI7EFCV,5311,24,Male,Black,United States,United States,United States,English,No,Full-Time
6a14e370d31a99d7f3e646b8,5ba292385301b80001c71ba2,APPROVED,Not Applicable,2026-05-26T00:04:03.069000Z,2026-05-26T00:16:21.657000Z,2026-05-26T00:16:22.129000Z,2026-05-26T00:17:22.017256Z,739.0,CLI7EFCV,19790,53,Male,White,United States,United States,United States,English,No,Full-Time
6a14e37104b95edf06c94ef7,5ffb8c5b60571908f3ac19fa,APPROVED,Not Applicable,2026-05-26T00:04:26.071000Z,2026-05-26T00:15:38.766000Z,2026-05-26T00:15:39.185000Z,2026-05-26T00:16:39.107312Z,673.0,CLI7EFCV,19135,44,Male,White,United States,United States,United States,English,No,Part-Time
6a14e371395e4b2cbcf21162,65b85222a3269ee45054aed5,APPROVED,Not Applicable,2026-05-26T00:04:06.611000Z,2026-05-26T00:25:09.144000Z,2026-05-26T00:25:09.577000Z,2026-05-26T00:26:09.485960Z,1263.0,CLI7EFCV,2513,65,Female,White,Canada,Canada,Canada,English,No,Part-Time
6a14e371878d04122c4fdcab,699ded764e6f2bad1ea3ba67,APPROVED,Not Applicable,2026-05-26T00:06:15.039000Z,2026-05-26T00:17:48.415000Z,2026-05-26T00:17:48.900000Z,2026-05-26T00:18:48.810114Z,694.0,CLI7EFCV,7,30,Female,White,Canada,Canada,Canada,English,No,Full-Time
6a14e37265956a328dc4ed45,6317511c1dd0acb82cf4b131,APPROVED,Not Applicable,2026-05-26T00:04:20.358000Z,2026-05-26T00:22:21.276000Z,2026-05-26T00:22:21.721000Z,2026-05-26T00:23:21.623687Z,1081.0,CLI7EFCV,7482,45,Female,White,United States,United States,United States,English,DATA_EXPIRED,Full-Time
6a14e372a65663d53b12c7dc,6a1246c3ffaa2f61485e4718,APPROVED,Not Applicable,2026-05-26T00:04:15.266000Z,2026-05-26T00:18:22.465000Z,2026-05-26T00:18:23.556000Z,2026-05-26T00:19:23.471974Z,848.0,CLI7EFCV,12,21,Male,Asian,United States,United States,Afghanistan,English,Yes,Part-Time
6a14e372ad2444f04d080a02,69cbebe55ac317a9b93f3c6a,APPROVED,Not Applicable,2026-05-26T00:05:03.192000Z,2026-05-26T00:20:10.415000Z,2026-05-26T00:20:10.950000Z,2026-05-26T00:21:10.813752Z,908.0,CLI7EFCV,153,54,Female,White,Canada,Canada,Canada,English,No,Unemployed (and job seeking)
6a14e372f817e14755a73abe,5e121701dc79bd8a1a22ca99,APPROVED,Not Applicable,2026-05-26T00:04:07.691000Z,2026-05-26T00:21:19.972000Z,2026-05-26T00:21:20.431000Z,2026-05-26T00:22:20.336280Z,1033.0,CLI7EFCV,16816,55,Female,White,United States,United States,United States,English,DATA_EXPIRED,DATA_EXPIRED
6a14e37327ef7bcfce16f67e,560ce65601c38a0012769e20,APPROVED,Not Applicable,2026-05-26T00:11:15.506000Z,2026-05-26T00:23:59.845000Z,2026-05-26T00:24:00.318000Z,2026-05-26T00:25:00.226377Z,765.0,CLI7EFCV,4463,29,Male,White,United States,United States,United States,English,DATA_EXPIRED,DATA_EXPIRED
6a14e37345dd69e02a5b6a5e,664b62a91a7b577435face15,APPROVED,Not Applicable,2026-05-26T00:04:10.738000Z,2026-05-26T00:14:39.738000Z,2026-05-26T00:14:40.163000Z,2026-05-26T00:15:40.077064Z,629.0,CLI7EFCV,2500,34,Female,White,United States,United States,United States,English,No,"Not in paid work (e.g. homemaker', 'retired or disabled)"
6a14e373d4ee89a96c4b3e21,60a252db049918aa001fe65a,APPROVED,Not Applicable,2026-05-26T00:04:33.363000Z,2026-05-26T00:21:46.406000Z,2026-05-26T00:21:46.827000Z,2026-05-26T00:22:46.747812Z,1034.0,CLI7EFCV,2596,44,Male,Black,Zimbabwe,South Africa,Zimbabwe,English,DATA_EXPIRED,Full-Time
6a14e37418d934167879ee51,69f4c1b1c4bee9b3e99d0392,APPROVED,Not Applicable,2026-05-26T00:04:09.758000Z,2026-05-26T00:35:41.915000Z,2026-05-26T00:35:42.352000Z,2026-05-26T00:36:42.264725Z,1893.0,CLI7EFCV,55,57,Male,White,United States,United States,United States,English,No,Full-Time
6a14e374b254f651865c615d,6239fa1b808d162efbd59d11,APPROVED,Not Applicable,2026-05-26T00:05:44.108000Z,2026-05-26T00:13:41.581000Z,2026-05-26T00:13:47.035000Z,2026-05-26T00:14:41.913978Z,478.0,CLI7EFCV,1167,33,Male,Asian,United States,United States,United States,English,No,Full-Time
6a14e37505d5da4998e4b337,6a0a200efdf95c93dce00159,APPROVED,Not Applicable,2026-05-26T00:04:22.951000Z,2026-05-26T00:16:24.741000Z,2026-05-26T00:16:25.190000Z,2026-05-26T00:17:25.093390Z,722.0,CLI7EFCV,51,33,Male,White,United States,United States,United States,English,No,Unemployed (and job seeking)
6a14e3759e576f78cdad5975,69e51737a52d2a532380adec,APPROVED,Not Applicable,2026-05-26T00:04:20.800000Z,2026-05-26T00:15:33.955000Z,2026-05-26T00:15:34.387000Z,2026-05-26T00:16:34.293794Z,674.0,CLI7EFCV,454,33,Male,White,United States,United States,United States,English,No,"Not in paid work (e.g. homemaker', 'retired or disabled)"
6a14e375aee5623b8128b376,69a1a6245c60b6a02fc72573,APPROVED,Not Applicable,2026-05-26T00:08:04.824000Z,2026-05-26T00:17:23.499000Z,2026-05-26T00:17:23.943000Z,2026-05-26T00:18:23.844214Z,559.0,CLI7EFCV,945,24,Female,Asian,United States,United States,United States,English,Yes,Part-Time
6a14e37631c12ef20b2ece0e,6a0cbcfab0b2a60d0a4f9422,APPROVED,Not Applicable,2026-05-26T00:04:14.362000Z,2026-05-26T00:19:44.751000Z,2026-05-26T00:19:50.196000Z,2026-05-26T00:20:45.077949Z,931.0,CLI7EFCV,3,36,Male,White,United Kingdom,United Kingdom,United Kingdom,English,No,Unemployed (and job seeking)
6a14e376a74586f41c7bb8b5,69fccc843f753f2d45d795f8,APPROVED,Not Applicable,2026-05-26T00:04:09.080000Z,2026-05-26T00:19:34.782000Z,2026-05-26T00:19:41.228000Z,2026-05-26T00:20:35.148130Z,926.0,CLI7EFCV,6,36,Male,Other,Canada,Canada,Canada,English,No,Full-Time
6a14e376cba3743924e33998,6a01d3bd7092918b486ab257,APPROVED,Not Applicable,2026-05-26T00:10:56.163000Z,2026-05-26T00:26:15.654000Z,2026-05-26T00:26:16.106000Z,2026-05-26T00:27:15.988107Z,920.0,CLI7EFCV,48,23,Female,Mixed,United Kingdom,Canada,United Kingdom,English,No,Full-Time
6a14e376e4a701ee6a2ece12,5d7085f70a426200186bc676,APPROVED,Not Applicable,2026-05-26T00:04:09.454000Z,2026-05-26T00:17:02.235000Z,2026-05-26T00:17:02.696000Z,2026-05-26T00:18:02.577838Z,773.0,CLI7EFCV,3690,31,Male,White,United States,United States,United States,English,No,DATA_EXPIRED
6a14e3771e4a2d4cf08cbfcb,6a0e3417d17bdc03b9da3dc3,APPROVED,Not Applicable,2026-05-26T00:05:59.502000Z,2026-05-26T00:22:04.811000Z,2026-05-26T00:22:05.254000Z,2026-05-26T00:23:05.145644Z,966.0,CLI7EFCV,8,27,Female,White,Canada,Canada,Canada,English,No,Full-Time
6a14e377264117b1f3a57509,6a077c51b0ac0db577d7629c,APPROVED,Not Applicable,2026-05-26T00:04:09.783000Z,2026-05-26T00:20:41.933000Z,2026-05-26T00:20:42.432000Z,2026-05-26T00:21:42.338515Z,993.0,CLI7EFCV,12,30,Male,Prefer not to say,Canada,Canada,Canada,English,No,Full-Time
6a14e3789c20ccfade782878,69d0428f9f00d482af903398,APPROVED,Not Applicable,2026-05-26T00:07:26.572000Z,2026-05-26T00:25:20.114000Z,2026-05-26T00:25:20.600000Z,2026-05-26T00:26:20.504312Z,1074.0,CLI7EFCV,884,57,Male,White,United States,United States,United States,English,No,Full-Time
6a14e378b688027409d9d5ca,6a012c1cbb725fe5329c2720,APPROVED,Not Applicable,2026-05-26T00:06:41.446000Z,2026-05-26T00:19:59.535000Z,2026-05-26T00:20:00.063000Z,2026-05-26T00:20:59.897336Z,799.0,CLI7EFCV,223,44,Female,White,Australia,United States,Australia,English,No,"Not in paid work (e.g. homemaker', 'retired or disabled)"
6a14e378d10174c81edab1bf,6a07f6bddd7fc347ae56417e,APPROVED,Not Applicable,2026-05-26T00:04:14.588000Z,2026-05-26T00:17:59.821000Z,2026-05-26T00:18:00.278000Z,2026-05-26T00:19:00.175741Z,826.0,CLI7EFCV,19,23,Male,White,United Kingdom,United Kingdom,United Kingdom,English,No,Full-Time
6a14e37927d5f73220961273,6a07bd046adb345cfd27733c,APPROVED,Not Applicable,2026-05-26T00:04:09.802000Z,2026-05-26T00:21:07.036000Z,2026-05-26T00:21:12.507000Z,2026-05-26T00:22:07.395231Z,1018.0,CLI7EFCV,24,25,Female,White,New Zealand,Australia,New Zealand,English,No,Full-Time
6a14e37981845a05b43dd8a8,66f3011b6ef5575e593d6865,APPROVED,Not Applicable,2026-05-26T00:04:15.079000Z,2026-05-26T00:19:53.644000Z,2026-05-26T00:19:54.076000Z,2026-05-26T00:20:53.972688Z,939.0,CLI7EFCV,1845,48,Female,White,United States,United States,United States,English,No,Full-Time
6a14e379a747f50d6204f812,69b836556624dc1d41c51241,APPROVED,Not Applicable,2026-05-26T00:04:15.668000Z,2026-05-26T00:27:46.235000Z,2026-05-26T00:27:46.688000Z,2026-05-26T00:28:46.592270Z,1411.0,CLI7EFCV,42,26,Female,Black,Grenada,Canada,DATA_EXPIRED,English,Yes,Unemployed (and job seeking)
6a14e37a435b3a631d40d995,69da76fcc8125b750510d7db,APPROVED,Not Applicable,2026-05-26T00:04:18.446000Z,2026-05-26T00:24:45.935000Z,2026-05-26T00:24:51.486000Z,2026-05-26T00:25:46.346866Z,1228.0,CLI7EFCV,415,32,Male,White,United States,United States,United States,English,Yes,Full-Time
6a14e37b03225786e96dbad9,69f518db6d737fb7d7801c0d,APPROVED,Not Applicable,2026-05-26T00:04:19.395000Z,2026-05-26T00:15:18.484000Z,2026-05-26T00:15:18.956000Z,2026-05-26T00:16:18.854263Z,660.0,CLI7EFCV,165,31,Male,Mixed,United States,United States,United States,English,No,Part-Time
6a14e37c3236a57857ff2cc5,5cfc7489e289a80016b6e29f,APPROVED,Not Applicable,2026-05-26T00:05:34.403000Z,2026-05-26T00:14:42.434000Z,2026-05-26T00:14:42.851000Z,2026-05-26T00:15:42.762656Z,549.0,CLI7EFCV,7356,31,Male,White,United States,United States,United States,English,No,Full-Time
6a14e37c6d13ec027cdddfc8,6a04656102bf0cf60e9b2c58,APPROVED,Not Applicable,2026-05-26T00:04:17.705000Z,2026-05-26T00:15:25.883000Z,2026-05-26T00:15:26.363000Z,2026-05-26T00:16:26.254216Z,669.0,CLI7EFCV,144,27,Male,Asian,United States,United States,China,English,No,Unemployed (and job seeking)
6a14e37ca6b366b8418661aa,6a00980712812ac074ad23ee,APPROVED,Not Applicable,2026-05-26T00:04:17.558000Z,2026-05-26T00:17:28.777000Z,2026-05-26T00:17:29.223000Z,2026-05-26T00:18:29.132542Z,792.0,CLI7EFCV,101,46,Male,Black,United States,United States,United States,English,No,Part-Time
6a14e37d6aa3024efcab79a1,69f462a8ca49c43570f53f39,APPROVED,Not Applicable,2026-05-26T00:04:16.911000Z,2026-05-26T00:16:15.083000Z,2026-05-26T00:16:15.520000Z,2026-05-26T00:17:15.423434Z,719.0,CLI7EFCV,206,30,Female,White,United States,United States,United States,English,No,Part-Time
6a14e37dd088ed596515efc4,694459cd574cb6bc13b4cf78,APPROVED,Not Applicable,2026-05-26T00:04:37.489000Z,2026-05-26T00:17:24.151000Z,2026-05-26T00:17:24.599000Z,2026-05-26T00:18:24.499867Z,767.0,CLI7EFCV,954,45,Male,White,United States,United States,United States,English,Yes,Full-Time
6a14e37ee9488eb19562f926,5de5d503521f9556b1c8a923,APPROVED,Not Applicable,2026-05-26T00:04:18.268000Z,2026-05-26T00:28:35.480000Z,2026-05-26T00:28:36.676000Z,2026-05-26T00:29:36.567147Z,1458.0,CLI7EFCV,1245,37,Female,White,United Kingdom,United Kingdom,United Kingdom,English,No,Part-Time
6a14e37efff3ed06b3a16323,6a0daf62ec01cd69c04d1da8,APPROVED,Not Applicable,2026-05-26T00:10:00.028000Z,2026-05-26T00:25:52.410000Z,2026-05-26T00:25:52.920000Z,2026-05-26T00:26:52.826485Z,953.0,CLI7EFCV,50,35,Male,White,United Kingdom,United Kingdom,United Kingdom,English,No,Full-Time
6a14e37f0cbac3cfe3878510,69e9798591a481aeda571fe2,APPROVED,Not Applicable,2026-05-26T00:04:27.278000Z,2026-05-26T00:18:28.372000Z,2026-05-26T00:18:38.880000Z,2026-05-26T00:19:28.740772Z,842.0,CLI7EFCV,50,38,Female,White,New Zealand,New Zealand,New Zealand,English,No,Part-Time
6a14e3801c2350780ec4389c,6341b7b2e340e467cab1363b,APPROVED,Not Applicable,2026-05-26T00:04:19.406000Z,2026-05-26T00:21:06.995000Z,2026-05-26T00:21:07.464000Z,2026-05-26T00:22:07.350643Z,1008.0,CLI7EFCV,9230,56,Male,White,United States,United States,United States,English,No,Part-Time
6a14e38052b1cf4709834681,6565f3239d4b3557933760d3,APPROVED,Not Applicable,2026-05-26T00:04:27.279000Z,2026-05-26T00:21:35.630000Z,2026-05-26T00:21:41.136000Z,2026-05-26T00:22:35.994497Z,1029.0,CLI7EFCV,2456,64,Female,White,Canada,Canada,Canada,English,No,Full-Time
6a14e3807dcb9546216bee67,60656a924c99543d12555b86,APPROVED,Not Applicable,2026-05-26T00:05:07.564000Z,2026-05-26T00:31:15.692000Z,2026-05-26T00:31:16.742000Z,2026-05-26T00:32:16.034174Z,1569.0,CLI7EFCV,2176,33,Female,Black,South Africa,South Africa,South Africa,English,Yes,Full-Time
6a14e38188780e348bee62e6,63fbf0e3b18cc14adc0dbfb6,APPROVED,Not Applicable,2026-05-26T00:04:21.405000Z,2026-05-26T00:31:22.792000Z,2026-05-26T00:31:23.233000Z,2026-05-26T00:32:23.134615Z,1622.0,CLI7EFCV,5850,56,Male,White,United Kingdom,United Kingdom,United Kingdom,English,No,Full-Time
6a14e38e31c02ea8d0d40f2e,5affe1f4331e8100018f1d45,APPROVED,Not Applicable,2026-05-26T00:04:30.335000Z,2026-05-26T00:31:50.365000Z,2026-05-26T00:31:50.816000Z,2026-05-26T00:32:50.701346Z,1641.0,CLI7EFCV,3710,61,Female,Black,United Kingdom,United Kingdom,United Kingdom,English,No,Other
6a14e38e5398207f4083468f,69f582c3a034764e79a9e140,APPROVED,Not Applicable,2026-05-26T00:05:37.397000Z,2026-05-26T00:29:07.914000Z,2026-05-26T00:29:08.395000Z,2026-05-26T00:30:08.277804Z,1411.0,CLI7EFCV,429,40,Male,Black,United States,United States,United States,English,No,Part-Time
6a14e3914ee90d7939c3d673,5c2b9ce5b337310001996c05,APPROVED,Not Applicable,2026-05-26T00:04:45.061000Z,2026-05-26T00:18:27.920000Z,2026-05-26T00:18:31.379000Z,2026-05-26T00:19:28.284243Z,823.0,CLI7EFCV,4471,38,Male,White,Canada,Canada,Canada,English,No,Full-Time
6a14e3935bdb74d081a8ec1d,69f586544b0395e639960cd5,APPROVED,Not Applicable,2026-05-26T00:07:59.523000Z,2026-05-26T00:22:28.568000Z,2026-05-26T00:22:28.989000Z,2026-05-26T00:23:28.905902Z,870.0,CLI7EFCV,153,28,Male,Asian,Canada,Canada,Canada,English,No,Full-Time
6a14e3942f2563e59758eaae,5eecd2e3a38fd009dd9d1f3d,APPROVED,Not Applicable,2026-05-26T00:07:52.324000Z,2026-05-26T00:22:18.564000Z,2026-05-26T00:22:19Z,2026-05-26T00:23:18.916066Z,867.0,CLI7EFCV,3058,36,Male,White,United Kingdom,United Kingdom,United Kingdom,English,No,Other
6a14e3949571c1ec7cc2f0bc,69ffba25a871087b846f051d,APPROVED,Not Applicable,2026-05-26T00:13:41.232000Z,2026-05-26T00:28:33.334000Z,2026-05-26T00:28:33.814000Z,2026-05-26T00:29:33.696224Z,893.0,CLI7EFCV,36,30,Male,White,Canada,Canada,Canada,English,No,Full-Time
6a14e39ab75d99026548427e,62dc62a4a898b6caf66c299d,APPROVED,Not Applicable,2026-05-26T00:04:47.226000Z,2026-05-26T00:17:29.620000Z,2026-05-26T00:17:35.084000Z,2026-05-26T00:18:29.968807Z,763.0,CLI7EFCV,4498,21,Male,White,United States,United States,United States,English,Yes,Full-Time
6a14e39c4016309e9774ee3e,6a1089c6c0358dc8bd6d1f40,APPROVED,Not Applicable,2026-05-26T00:04:44.906000Z,2026-05-26T00:20:15.848000Z,2026-05-26T00:20:16.762000Z,2026-05-26T00:21:16.195159Z,931.0,CLI7EFCV,2,37,Female,Black,United States,United States,United States,English,No,Full-Time
6a14e39e166e7652be6d715b,558f226dfdf99b6ebd36218a,APPROVED,Not Applicable,2026-05-26T00:07:43.143000Z,2026-05-26T00:21:37.485000Z,2026-05-26T00:21:37.917000Z,2026-05-26T00:22:37.832499Z,835.0,CLI7EFCV,2452,46,Male,White,United States,United States,United States,English,No,Full-Time
6a14e39e2b222634901dd3f8,6a0b71007ba435b086543bbb,APPROVED,Not Applicable,2026-05-26T00:04:51.683000Z,2026-05-26T00:19:54.777000Z,2026-05-26T00:19:55.204000Z,2026-05-26T00:20:55.117730Z,904.0,CLI7EFCV,9,25,Male,Asian,United Kingdom,United Kingdom,United Kingdom,English,No,Unemployed (and job seeking)
6a14e3a271ec6a155f8bc751,69d427c4dee7d8ec9e410617,APPROVED,Not Applicable,2026-05-26T00:06:17.970000Z,2026-05-26T00:24:15.183000Z,2026-05-26T00:24:15.604000Z,2026-05-26T00:25:15.510066Z,1078.0,CLI7EFCV,644,34,Female,Mixed,United States,United States,United States,English,No,Full-Time
6a14e3a361f789b5798080b9,6a14499c6bc40c2cd2a65ddb,APPROVED,Not Applicable,2026-05-26T00:05:00.005000Z,2026-05-26T00:21:38.151000Z,2026-05-26T00:21:38.594000Z,2026-05-26T00:22:38.507918Z,999.0,CLI7EFCV,1,51,Male,White,United Kingdom,United Kingdom,United Kingdom,English,No,Full-Time
6a14e3a455382120d97f6987,6a13809a55a9d81e74345a8e,APPROVED,Not Applicable,2026-05-26T00:04:55.969000Z,2026-05-26T00:43:22.824000Z,2026-05-26T00:43:23.272000Z,2026-05-26T00:44:23.180172Z,2307.0,CLI7EFCV,7,27,Male,Black,United Kingdom,United Kingdom,United Kingdom,English,No,Full-Time
6a14e3a53286e9754275d894,69861ea800124363d7a26a7d,APPROVED,Not Applicable,2026-05-26T00:05:19.060000Z,2026-05-26T00:16:43.509000Z,2026-05-26T00:16:43.921000Z,2026-05-26T00:17:43.824716Z,685.0,CLI7EFCV,768,33,Male,White,United States,United States,United States,English,No,Full-Time
6a14e3a658953203b2c1f054,6a050327c1211a0c4660ef2d,APPROVED,Not Applicable,2026-05-26T00:05:05.350000Z,2026-05-26T00:16:11.617000Z,2026-05-26T00:16:12.096000Z,2026-05-26T00:17:11.973249Z,667.0,CLI7EFCV,7,36,Female,White,Australia,Australia,Australia,English,No,Full-Time
6a14e3aa5aef010d78d40f39,66bfd7ba53e7c37cb5042dfb,APPROVED,Not Applicable,2026-05-26T00:05:05.255000Z,2026-05-26T00:26:32.231000Z,2026-05-26T00:26:32.674000Z,2026-05-26T00:27:32.581799Z,1287.0,CLI7EFCV,365,30,Female,White,Australia,Australia,Australia,English,No,Part-Time
6a14e3ad63000fcd1cccf3b2,6686a67b033a587e5930373f,APPROVED,Not Applicable,2026-05-26T00:05:06.749000Z,2026-05-26T00:16:55.143000Z,2026-05-26T00:16:55.616000Z,2026-05-26T00:17:55.535135Z,709.0,CLI7EFCV,1654,45,Male,White,United States,United States,United States,English,Yes,Full-Time
6a14e3af265d7ddb0f8cbfbd,699f442f09ed6c71f6435084,APPROVED,Not Applicable,2026-05-26T00:05:07.971000Z,2026-05-26T00:16:37.964000Z,2026-05-26T00:16:38.464000Z,2026-05-26T00:17:38.321708Z,690.0,CLI7EFCV,648,26,Female,White,United States,United States,United States,English,No,Full-Time
6a14e3b0abc0747fb2b326af,66075df395213912ccbfdf0f,APPROVED,Not Applicable,2026-05-26T00:13:05.018000Z,2026-05-26T00:25:29.627000Z,2026-05-26T00:25:30.105000Z,2026-05-26T00:26:29.962917Z,745.0,CLI7EFCV,4213,36,Female,White,United States,United States,United States,English,No,Full-Time
6a14e3b202f4b0eb8e8b6933,69dd02fd1d888f23f2545d65,APPROVED,Not Applicable,2026-05-26T00:05:09.316000Z,2026-05-26T00:15:43.069000Z,2026-05-26T00:15:43.503000Z,2026-05-26T00:16:43.400467Z,634.0,CLI7EFCV,569,46,Female,White,United States,United States,United States,English,No,Full-Time
6a14e3b472be7e7fd72789af,5dd7df0541fb3f77aee1a608,APPROVED,Not Applicable,2026-05-26T00:05:20.576000Z,2026-05-26T00:23:03.208000Z,2026-05-26T00:23:03.715000Z,2026-05-26T00:24:03.622787Z,1063.0,CLI7EFCV,1707,57,Female,Black,United States,United States,United States,English,No,Full-Time
6a14e3b65bdb74d081a8ec21,6a0cda24073b331275cf3110,APPROVED,Not Applicable,2026-05-26T00:06:49.841000Z,2026-05-26T00:18:58.083000Z,2026-05-26T00:18:58.525000Z,2026-05-26T00:19:58.436345Z,729.0,CLI7EFCV,40,32,Female,White,United States,United States,United States,English,Yes,Other
6a14e3b7cd27a9a033d41111,69fcae27988b5a4105fdf077,APPROVED,Not Applicable,2026-05-26T00:05:16.941000Z,2026-05-26T00:22:35.482000Z,2026-05-26T00:22:35.969000Z,2026-05-26T00:23:35.860645Z,1039.0,CLI7EFCV,215,53,Male,White,United States,United States,United States,English,No,Other
6a14e3b7e3737db9d98f0b7c,655a97bf4d75ee9bf7ab0794,APPROVED,Not Applicable,2026-05-26T00:05:11.140000Z,2026-05-26T00:15:25.557000Z,2026-05-26T00:15:25.965000Z,2026-05-26T00:16:25.888356Z,615.0,CLI7EFCV,2568,54,Male,White,Ireland,Ireland,Ireland,English,No,Full-Time
6a14e3b97dcb9546216bee6b,63faeccd22c0d2a8f1b9759e,APPROVED,Not Applicable,2026-05-26T00:05:18.060000Z,2026-05-26T00:27:19.153000Z,2026-05-26T00:27:19.613000Z,2026-05-26T00:28:19.501840Z,1322.0,CLI7EFCV,6257,42,Male,Black,United States,United States,United States,English,Yes,Full-Time
6a14e3bb2108b9cd42926e2d,5a3b209b2f3c2500018bc67d,APPROVED,Not Applicable,2026-05-26T00:05:27.787000Z,2026-05-26T00:17:17.764000Z,2026-05-26T00:17:18.256000Z,2026-05-26T00:18:18.109591Z,710.0,CLI7EFCV,5148,26,Male,Asian,United States,United States,United States,English,DATA_EXPIRED,DATA_EXPIRED
6a14e3c03f1cdcbca5bca31b,699a148c4ab61b635b256a4d,APPROVED,Not Applicable,2026-05-26T00:05:24.209000Z,2026-05-26T00:15:42.589000Z,2026-05-26T00:15:48.632000Z,2026-05-26T00:16:42.946871Z,619.0,CLI7EFCV,288,26,Male,Black,United States,United States,United States,English,No,Unemployed (and job seeking)
6a14e3c208bdc2502ca4bdbe,5efe49e3306cce34554e0579,APPROVED,Not Applicable,2026-05-26T00:05:26.937000Z,2026-05-26T00:17:03.041000Z,2026-05-26T00:17:03.495000Z,2026-05-26T00:18:03.408481Z,697.0,CLI7EFCV,158,33,Female,White,United Kingdom,New Zealand,Ireland,English,No,Full-Time
6a14e3c31ee8160b34cb82fa,69d2dbab29ed321c1b402b5e,APPROVED,Not Applicable,2026-05-26T00:14:09.745000Z,2026-05-26T00:28:21.637000Z,2026-05-26T00:28:22.055000Z,2026-05-26T00:29:21.962617Z,852.0,CLI7EFCV,311,25,Male,White,Canada,Canada,Canada,English,No,Unemployed (and job seeking)
6a14e3c7e4210806bdbcf0f7,69a859818eb997bca163a1fc,APPROVED,Not Applicable,2026-05-26T00:07:39.300000Z,2026-05-26T00:28:14.745000Z,2026-05-26T00:28:15.951000Z,2026-05-26T00:29:15.848697Z,1236.0,CLI7EFCV,583,38,Male,Black,Canada,Canada,Canada,English,No,Full-Time
6a14e3cc5d0fead1b645c612,60e0dc6be0772b7dfdad9b2c,APPROVED,Not Applicable,2026-05-26T00:05:52.054000Z,2026-05-26T00:24:35.312000Z,2026-05-26T00:24:35.769000Z,2026-05-26T00:25:35.658530Z,1124.0,CLI7EFCV,5917,30,Male,White,United Kingdom,United Kingdom,United Kingdom,English,No,Part-Time
6a14e3cf0cfe12afa9c96449,69bee995d1071cdd49ad584b,APPROVED,Not Applicable,2026-05-26T00:05:40.533000Z,2026-05-26T00:13:42.530000Z,2026-05-26T00:13:42.973000Z,2026-05-26T00:14:42.873687Z,482.0,CLI7EFCV,359,18,Female,White,United States,United States,United States,English,Yes,Part-Time
6a14e3d5733c20d3e3405ea7,65177add8af27911a3ee59cb,APPROVED,Not Applicable,2026-05-26T00:12:32.713000Z,2026-05-26T00:32:22.140000Z,2026-05-26T00:32:22.604000Z,2026-05-26T00:33:22.480593Z,1190.0,CLI7EFCV,3297,56,Male,White,United States,United States,United States,English,DATA_EXPIRED,DATA_EXPIRED
6a14e3d8d53fce695b2e8bfe,6715af9992382c39d55405b3,APPROVED,Not Applicable,2026-05-26T00:05:47.842000Z,2026-05-26T00:41:42.975000Z,2026-05-26T00:41:43.426000Z,2026-05-26T00:42:43.325755Z,2156.0,CLI7EFCV,804,41,Male,White,United States,United States,United States,English,Yes,Full-Time
6a14e3dab1ae8f2dfa2df1f4,69b861699638ab773a7f2cbf,APPROVED,Not Applicable,2026-05-26T00:05:53.100000Z,2026-05-26T00:18:21.348000Z,2026-05-26T00:18:26.852000Z,2026-05-26T00:19:21.724165Z,749.0,CLI7EFCV,84,30,Male,White,United States,United States,United States,English,No,"Not in paid work (e.g. homemaker', 'retired or disabled)"
6a14e3daebc9e6e7f5df8812,55eb04337480920010aa9e0d,APPROVED,Not Applicable,2026-05-26T00:06:33.034000Z,2026-05-26T00:17:49.716000Z,2026-05-26T00:17:50.180000Z,2026-05-26T00:18:50.069941Z,677.0,CLI7EFCV,15494,40,Male,White,United States,United States,United States,English,DATA_EXPIRED,DATA_EXPIRED
6a14e3db2895f4483c448c9d,6a14dbf3d9b4cd90d62e8c13,APPROVED,Not Applicable,2026-05-26T00:05:51.917000Z,2026-05-26T00:18:16.994000Z,2026-05-26T00:18:17.430000Z,2026-05-26T00:19:17.337437Z,746.0,CLI7EFCV,2,20,Male,White,United States,United States,United States,English,Yes,Unemployed (and job seeking)
6a14e3dbdd8391f6dd2f5b69,6a0644802abcd523105f8273,APPROVED,Not Applicable,2026-05-26T00:05:54.534000Z,2026-05-26T00:14:57.169000Z,2026-05-26T00:14:57.634000Z,2026-05-26T00:15:57.545033Z,543.0,CLI7EFCV,105,20,Female,White,United States,United States,United States,English,No,Full-Time
6a14e3dc0f3d4d88354e6f4b,6a11d284527dd896b0a220a6,APPROVED,Not Applicable,2026-05-26T00:05:58.488000Z,2026-05-26T00:20:34.494000Z,2026-05-26T00:20:34.986000Z,2026-05-26T00:21:34.869383Z,877.0,CLI7EFCV,22,23,Male,White,United States,United States,United States,English,No,Full-Time
6a14e3dc2108b9cd42926e2f,695f9adb2064ccdd40b77cdd,APPROVED,Not Applicable,2026-05-26T00:05:50.688000Z,2026-05-26T00:19:13.897000Z,2026-05-26T00:19:14.353000Z,2026-05-26T00:20:14.245826Z,804.0,CLI7EFCV,2533,41,Male,Asian,United States,United States,United States,English,No,Part-Time
6a14e3dcc82fa3a4b8ea4821,6a139c0ba5fec201d88e32f4,APPROVED,Not Applicable,2026-05-26T00:05:54.047000Z,2026-05-26T00:15:20.922000Z,2026-05-26T00:15:21.379000Z,2026-05-26T00:16:21.271061Z,567.0,CLI7EFCV,7,20,Male,White,United States,United States,United States,English,Yes,Part-Time
6a14e3dde22951d091fc9684,69c6e36f961b9688eb3666a8,APPROVED,Not Applicable,2026-05-26T00:06:03.466000Z,2026-05-26T00:17:39.825000Z,2026-05-26T00:17:40.302000Z,2026-05-26T00:18:40.157899Z,697.0,CLI7EFCV,227,37,Female,White,Canada,Canada,Canada,English,No,Full-Time
6a14e3ddebc9e6e7f5df8814,69f2bc4e622bc46f7453469a,APPROVED,Not Applicable,2026-05-26T00:05:54.305000Z,2026-05-26T00:20:42.210000Z,2026-05-26T00:20:47.669000Z,2026-05-26T00:21:42.545023Z,888.0,CLI7EFCV,646,42,Male,Mixed,United States,United States,United States,English,No,Other
6a14e3de50bbff2b5e4e9fde,62b44f66a16d45783569fad6,APPROVED,Not Applicable,2026-05-26T00:06:31.544000Z,2026-05-26T00:19:25.063000Z,2026-05-26T00:19:25.494000Z,2026-05-26T00:20:25.406294Z,774.0,CLI7EFCV,7318,33,Male,White,United Kingdom,United Kingdom,United Kingdom,English,No,Full-Time
6a14e3dfa309a066a12b01b3,69f73386e1cc43e75539494f,APPROVED,Not Applicable,2026-05-26T00:05:54.623000Z,2026-05-26T00:19:15.739000Z,2026-05-26T00:19:16.161000Z,2026-05-26T00:20:16.071260Z,802.0,CLI7EFCV,30,24,Male,Asian,Philippines,Australia,Australia,English,No,Unemployed (and job seeking)
6a14e3e04fb25f10eb1fa2eb,69e1854db4ea42aaa31d6448,APPROVED,Not Applicable,2026-05-26T00:07:33.668000Z,2026-05-26T00:27:37.294000Z,2026-05-26T00:27:37.765000Z,2026-05-26T00:28:37.642293Z,1204.0,CLI7EFCV,587,22,Female,Black,United States,United States,United States,English,Yes,Unemployed (and job seeking)
6a14e3e0e8cd469982e33975,695bbdf21fd961458dd7390f,APPROVED,Not Applicable,2026-05-26T00:07:19.014000Z,2026-05-26T00:30:33.189000Z,2026-05-26T00:30:33.671000Z,2026-05-26T00:31:33.566414Z,1395.0,CLI7EFCV,3201,42,Male,Asian,United States,United States,United States,English,No,Full-Time
6a14e3e1255fd0fc57a7046a,69fdfcbe835b405d4c6b87ef,APPROVED,Not Applicable,2026-05-26T00:05:55.843000Z,2026-05-26T00:23:03.471000Z,2026-05-26T00:23:13.949000Z,2026-05-26T00:24:03.809215Z,1028.0,CLI7EFCV,122,25,Male,Asian,United Kingdom,United Kingdom,United Kingdom,English,No,Unemployed (and job seeking)
6a14e3e1973ab4cc757f39cb,69e8bb1c285706ee52a4ddb5,APPROVED,Not Applicable,2026-05-26T00:07:43.595000Z,2026-05-26T00:18:21.674000Z,2026-05-26T00:18:22.120000Z,2026-05-26T00:19:22.002410Z,639.0,CLI7EFCV,869,38,Male,White,United States,United States,United States,English,No,Full-Time
6a14e3e253e1f27f17316b7d,5d9b7c7efaa2860364b16476,APPROVED,Not Applicable,2026-05-26T00:06:31.128000Z,2026-05-26T00:45:25.107000Z,2026-05-26T00:45:25.531000Z,2026-05-26T00:46:25.439920Z,2334.0,CLI7EFCV,6110,36,Male,White,United States,United States,United States,English,DATA_EXPIRED,DATA_EXPIRED
6a14e3e27cfb65b9273c7d9a,66cff35bdee873a6ca915b84,APPROVED,Not Applicable,2026-05-26T00:06:02.050000Z,2026-05-26T00:17:47.575000Z,2026-05-26T00:17:48.030000Z,2026-05-26T00:18:47.924686Z,706.0,CLI7EFCV,418,31,Prefer not to say,White,United States,United States,United States,English,No,Part-Time
6a14e3e2b947b3f2d7263b50,6a12af25a82c000c54c955c9,APPROVED,Not Applicable,2026-05-26T00:06:04.387000Z,2026-05-26T00:19:59.205000Z,2026-05-26T00:19:59.656000Z,2026-05-26T00:20:59.544330Z,835.0,CLI7EFCV,10,29,Male,Asian,United States,United States,United States,English,No,Unemployed (and job seeking)
6a14e3e336a7434a9840d982,56d39b96da2aaa000dab6178,APPROVED,Not Applicable,2026-05-26T00:06:18.816000Z,2026-05-26T00:18:59.387000Z,2026-05-26T00:18:59.818000Z,2026-05-26T00:19:59.730641Z,761.0,CLI7EFCV,13021,39,Male,Asian,United States,United States,United States,English,No,Full-Time
6a14e3e34f890dd27148c4f2,671da1682ef34e8259e60339,APPROVED,Not Applicable,2026-05-26T00:07:41.093000Z,2026-05-26T00:21:45.778000Z,2026-05-26T00:21:46.209000Z,2026-05-26T00:22:46.109670Z,845.0,CLI7EFCV,4311,43,Female,Mixed,United States,United States,United States,English,No,Unemployed (and job seeking)
6a14e3e3f1d1c2fe7a420323,63cedafa29d08471b828a96a,APPROVED,Not Applicable,2026-05-26T00:05:55.172000Z,2026-05-26T00:23:28.665000Z,2026-05-26T00:23:29.106000Z,2026-05-26T00:24:28.994137Z,1054.0,CLI7EFCV,5159,47,Female,White,United Kingdom,United Kingdom,United Kingdom,English,No,Full-Time
6a14e3e53c80e79ba6c8f6d0,69c8b7b61ad4d656593669a9,APPROVED,Not Applicable,2026-05-26T00:05:59.830000Z,2026-05-26T00:18:14.472000Z,2026-05-26T00:18:25.016000Z,2026-05-26T00:19:14.850867Z,735.0,CLI7EFCV,1089,33,Female,Asian,Vietnam,United States,United States,English,No,Unemployed (and job seeking)
6a14e3e55e620a6d26b9c1ff,69cb8746a83a160ee66cbeed,APPROVED,Not Applicable,2026-05-26T00:06:01.874000Z,2026-05-26T00:16:19.734000Z,2026-05-26T00:16:20.201000Z,2026-05-26T00:17:20.072127Z,618.0,CLI7EFCV,529,37,Female,White,United States,United States,United States,English,No,"Not in paid work (e.g. homemaker', 'retired or disabled)"
6a14e3e6cf44ebc742ab94d7,5be9ce784f251d00015ce92e,APPROVED,Not Applicable,2026-05-26T00:10:40.392000Z,2026-05-26T00:25:19.136000Z,2026-05-26T00:25:19.591000Z,2026-05-26T00:26:19.490129Z,879.0,CLI7EFCV,5550,35,Male,White,United States,United States,United States,English,No,Full-Time
6a14e3e70f67107e7dbdf912,5e5c48e4b2b1bf42fbcdf80e,APPROVED,Not Applicable,2026-05-26T00:06:22.900000Z,2026-05-26T00:23:08.224000Z,2026-05-26T00:23:08.688000Z,2026-05-26T00:24:08.593904Z,1006.0,CLI7EFCV,1013,39,Female,White,United States,United States,United States,English,No,Full-Time
6a14e3e7db151d5abff13180,69864995ddacce2029a50fe2,APPROVED,Not Applicable,2026-05-26T00:06:08.775000Z,2026-05-26T00:26:06.799000Z,2026-05-26T00:26:07.236000Z,2026-05-26T00:27:07.609581Z,1199.0,CLI7EFCV,1496,31,Male,White,United States,United States,United States,English,No,Unemployed (and job seeking)
6a14e3e7eab0a5da486a7579,69fb8c8d72c99d23bd795671,APPROVED,Not Applicable,2026-05-26T00:06:10.844000Z,2026-05-26T00:21:17.170000Z,2026-05-26T00:21:17.658000Z,2026-05-26T00:22:17.553297Z,907.0,CLI7EFCV,305,29,Male,White,United States,United States,United States,English,Yes,Part-Time
6a14e3e80907b5da462b3003,69ab9f5664a6fa203675624e,APPROVED,Not Applicable,2026-05-26T00:06:02.115000Z,2026-05-26T00:18:14.214000Z,2026-05-26T00:18:19.704000Z,2026-05-26T00:19:14.547493Z,733.0,CLI7EFCV,2042,26,Male,White,United States,United States,United States,English,No,Full-Time
6a14e3e89c20ccfade782880,63614d7ed7516f2df577dd64,APPROVED,Not Applicable,2026-05-26T00:06:12.556000Z,2026-05-26T00:21:35.478000Z,2026-05-26T00:21:35.907000Z,2026-05-26T00:22:35.810006Z,923.0,CLI7EFCV,4259,40,Male,White,United States,United States,United States,English,DATA_EXPIRED,DATA_EXPIRED
6a14e3e95ab23c4d51e98785,69bfa90568c64f3e06f1a32e,APPROVED,Not Applicable,2026-05-26T00:06:16.661000Z,2026-05-26T00:22:24.021000Z,2026-05-26T00:22:24.512000Z,2026-05-26T00:23:24.416965Z,968.0,CLI7EFCV,289,49,Male,White,Canada,Canada,Canada,English,No,Full-Time
6a14e3e9c78342cff7408f00,608e2cb9067eb028500433d5,APPROVED,Not Applicable,2026-05-26T00:06:09.604000Z,2026-05-26T00:30:44.717000Z,2026-05-26T00:30:45.153000Z,2026-05-26T00:31:45.059318Z,1476.0,CLI7EFCV,5321,70,Female,White,United States,United States,United States,English,No,"Not in paid work (e.g. homemaker', 'retired or disabled)"
6a14e3ea0cb84ea505b8670d,6a14941314c4ae9787def1a3,APPROVED,Not Applicable,2026-05-26T00:12:12.943000Z,2026-05-26T00:20:21.993000Z,2026-05-26T00:20:22.431000Z,2026-05-26T00:21:22.346890Z,490.0,CLI7EFCV,10,19,Female,Asian,United States,United States,United States,English,Yes,Unemployed (and job seeking)
6a14e3ea399099ac431eba34,66e87276ccc570e1c0d7df24,APPROVED,Not Applicable,2026-05-26T00:06:14.387000Z,2026-05-26T00:25:28.840000Z,2026-05-26T00:25:29.297000Z,2026-05-26T00:26:29.198988Z,1155.0,CLI7EFCV,3475,56,Female,White,United States,United States,United States,English,DATA_EXPIRED,Part-Time
6a14e3ead834d2cf6444db62,6a062c915b173dc8a69d45b3,APPROVED,Not Applicable,2026-05-26T00:06:12.235000Z,2026-05-26T00:20:29.244000Z,2026-05-26T00:20:29.677000Z,2026-05-26T00:21:29.580610Z,858.0,CLI7EFCV,61,32,Male,White,United Kingdom,United Kingdom,United Kingdom,English,No,Unemployed (and job seeking)
6a14e3eb2d1eeccc423a9c4d,6994ba324907f041e5c966ae,APPROVED,Not Applicable,2026-05-26T00:06:06.308000Z,2026-05-26T00:20:19.924000Z,2026-05-26T00:20:20.484000Z,2026-05-26T00:21:20.365522Z,854.0,CLI7EFCV,1604,48,Male,White,United States,United States,United States,English,No,Other
6a14e3ebd77a08e1cdf12fb5,5c67a79a2f6d5e000174ced0,APPROVED,Not Applicable,2026-05-26T00:06:03.389000Z,2026-05-26T00:31:14.509000Z,2026-05-26T00:31:14.959000Z,2026-05-26T00:32:14.865476Z,1512.0,CLI7EFCV,4633,37,Male,Mixed,United States,United States,United States,English,No,Full-Time
6a14e3ec2086f37e9f3c39b3,69c9f039100b43723f3f2309,APPROVED,Not Applicable,2026-05-26T00:06:20.573000Z,2026-05-26T00:19:51.397000Z,2026-05-26T00:19:51.893000Z,2026-05-26T00:20:51.752578Z,811.0,CLI7EFCV,682,54,Male,Black,United States,United States,United States,English,Yes,Full-Time
6a14e3ed435568e6379b81fa,69696695a46b968d40daf6e1,APPROVED,Not Applicable,2026-05-26T00:06:22.928000Z,2026-05-26T00:27:23.545000Z,2026-05-26T00:27:24.055000Z,2026-05-26T00:28:23.927392Z,1261.0,CLI7EFCV,1325,23,Male,Black,Nigeria,United States,United States,English,No,Part-Time
6a14e3ed64ea3fc1064842ad,5da74e9437d4210016492810,APPROVED,Not Applicable,2026-05-26T00:06:05.378000Z,2026-05-26T00:26:21.255000Z,2026-05-26T00:26:21.680000Z,2026-05-26T00:27:21.596824Z,1216.0,CLI7EFCV,3323,56,Male,White,Canada,Canada,Canada,English,No,"Not in paid work (e.g. homemaker', 'retired or disabled)"
6a14e3ee5c5a70f4e34f2cd9,69eccdcde508e1407313c9df,APPROVED,Not Applicable,2026-05-26T00:06:06.549000Z,2026-05-26T00:18:12.062000Z,2026-05-26T00:18:22.566000Z,2026-05-26T00:19:12.391699Z,726.0,CLI7EFCV,36,32,Male,Asian,Philippines,New Zealand,Philippines,English,Yes,Unemployed (and job seeking)
6a14e3ee90ef7d371f3dd86a,656bb5b282d8f0267db9d167,APPROVED,Not Applicable,2026-05-26T00:06:14.441000Z,2026-05-26T00:13:41.305000Z,2026-05-26T00:13:41.743000Z,2026-05-26T00:14:41.664618Z,447.0,CLI7EFCV,2897,30,Male,White,New Zealand,New Zealand,New Zealand,English,No,Full-Time
6a14e3ee9df801ce1944ba33,6a14bdc9994bbfddbb82256b,APPROVED,Not Applicable,2026-05-26T00:06:06.174000Z,2026-05-26T00:32:14.439000Z,2026-05-26T00:32:14.868000Z,2026-05-26T00:33:14.771461Z,1569.0,CLI7EFCV,3,19,Female,Mixed,Dominican Republic,United States,Dominican Republic,English,Yes,Unemployed (and job seeking)
6a14e3ef916cf497f2dddffd,6993773d709bc3e2525e1a14,APPROVED,Not Applicable,2026-05-26T00:06:10.562000Z,2026-05-26T00:19:01.726000Z,2026-05-26T00:19:02.230000Z,2026-05-26T00:20:02.080932Z,772.0,CLI7EFCV,1787,39,Female,Asian,Peru,United States,United States,English,No,Unemployed (and job seeking)
6a14e3efd2e3d3a3dc217f7b,69ffa3efb10faa3cf2733a24,APPROVED,Not Applicable,2026-05-26T00:09:15.391000Z,2026-05-26T00:36:44.032000Z,2026-05-26T00:36:44.496000Z,2026-05-26T00:37:44.405173Z,1649.0,CLI7EFCV,64,29,Female,White,United States,United States,United States,English,No,Unemployed (and job seeking)
6a14e3f110a2f51b8e5009f1,69f1db4d4bb656ff18a94118,APPROVED,Not Applicable,2026-05-26T00:06:16.995000Z,2026-05-26T00:16:45.698000Z,2026-05-26T00:16:46.183000Z,2026-05-26T00:17:46.089988Z,629.0,CLI7EFCV,65,35,Male,White,United States,United States,United States,English,No,Part-Time
6a14e3f1dbf5ded6e4c8a982,6667897db5b8a719d60f6a78,APPROVED,Not Applicable,2026-05-26T00:06:15.322000Z,2026-05-26T00:18:18.240000Z,2026-05-26T00:18:18.713000Z,2026-05-26T00:19:18.584691Z,723.0,CLI7EFCV,1294,58,Female,White,United States,United States,United States,English,No,Full-Time
6a14e3f2d906dd6337151eb3,67b631294f6039a20633b917,APPROVED,Not Applicable,2026-05-26T00:06:21.893000Z,2026-05-26T00:20:38.897000Z,2026-05-26T00:20:39.318000Z,2026-05-26T00:21:39.227922Z,858.0,CLI7EFCV,297,39,Female,Other,United Arab Emirates,Canada,Canada,English,No,Full-Time
6a14e3f351b3e84181cdfc7b,69af518fd95d804c4ad1b0e5,APPROVED,Not Applicable,2026-05-26T00:06:26.262000Z,2026-05-26T00:25:13.168000Z,2026-05-26T00:25:13.627000Z,2026-05-26T00:26:13.535005Z,1127.0,CLI7EFCV,312,24,Female,White,United States,United States,United States,English,Yes,Unemployed (and job seeking)
6a14e3f40823f29ac5b601e1,5ee637a18976fc391312fe01,APPROVED,Not Applicable,2026-05-26T00:06:23.097000Z,2026-05-26T00:28:01.468000Z,2026-05-26T00:28:01.907000Z,2026-05-26T00:29:01.809588Z,1299.0,CLI7EFCV,10219,50,Male,White,United Kingdom,United Kingdom,United Kingdom,English,No,Full-Time
6a14e3f65160543db85b3fc5,67191eac7e29fe765781a851,APPROVED,Not Applicable,2026-05-26T00:06:19.412000Z,2026-05-26T00:19:28.217000Z,2026-05-26T00:19:28.661000Z,2026-05-26T00:20:28.587453Z,789.0,CLI7EFCV,938,26,Male,Asian,United States,United States,United States,English,No,Other
6a14e3f7ab99f3068a1b2f8d,5ced23c585712e00190bd98a,APPROVED,Not Applicable,2026-05-26T00:06:15.806000Z,2026-05-26T00:16:08.280000Z,2026-05-26T00:16:08.713000Z,2026-05-26T00:17:09.137202Z,593.0,CLI7EFCV,12056,45,Male,White,United States,United States,United States,English,No,Full-Time
6a14e3f80cb84ea505b86711,59c0782e5364260001dc4740,APPROVED,Not Applicable,2026-05-26T00:06:22.499000Z,2026-05-26T00:21:07.580000Z,2026-05-26T00:21:13.033000Z,2026-05-26T00:22:07.920544Z,886.0,CLI7EFCV,9400,62,Female,Black,United States,United States,United States,English,No,"Not in paid work (e.g. homemaker', 'retired or disabled)"
6a14e3fb46c4fa86e318c527,5fa5818b4a7c41076f4a9941,APPROVED,Not Applicable,2026-05-26T00:06:24.081000Z,2026-05-26T00:18:34.521000Z,2026-05-26T00:18:34.943000Z,2026-05-26T00:19:34.852207Z,731.0,CLI7EFCV,378,29,Female,Black,South Africa,South Africa,South Africa,English,No,Unemployed (and job seeking)
6a14e3fbedaabc01ea9f75d4,5de9592f8d43d908baa05cc2,APPROVED,Not Applicable,2026-05-26T00:06:38.812000Z,2026-05-26T00:17:15.671000Z,2026-05-26T00:17:16.094000Z,2026-05-26T00:18:15.995790Z,637.0,CLI7EFCV,6694,35,Male,White,United States,United States,United States,English,No,Full-Time
6a14e3fbfe3f99818d7ffd94,576311d7151e5d000889e2e7,APPROVED,Not Applicable,2026-05-26T00:07:55.728000Z,2026-05-26T00:26:12.075000Z,2026-05-26T00:26:12.554000Z,2026-05-26T00:27:12.439571Z,1097.0,CLI7EFCV,3869,53,Male,Mixed,Canada,Canada,Canada,English,No,Other
6a14e3fd2b448ef015408eb9,6a0f7bc47d616931dfb13e21,APPROVED,Not Applicable,2026-05-26T00:09:14.175000Z,2026-05-26T00:24:02.244000Z,2026-05-26T00:24:02.714000Z,2026-05-26T00:25:02.608317Z,889.0,CLI7EFCV,56,42,Male,Black,United States,United States,United States,English,No,Full-Time
6a14e3fe790278c6964a30c4,69b0807c1fbb0d3519a7b469,APPROVED,Not Applicable,2026-05-26T00:08:34.147000Z,2026-05-26T00:21:56.263000Z,2026-05-26T00:21:56.691000Z,2026-05-26T00:22:56.592951Z,803.0,CLI7EFCV,170,19,Male,Black,Canada,Canada,Canada,English,Yes,Part-Time
6a14e3ffaf18260059fde9c2,69f1fafe35d91c0e5ca6b80c,APPROVED,Not Applicable,2026-05-26T00:06:29.148000Z,2026-05-26T00:20:39.515000Z,2026-05-26T00:20:40.038000Z,2026-05-26T00:21:39.917137Z,851.0,CLI7EFCV,171,23,Female,Mixed,United States,United States,United States,English,Yes,Full-Time
6a14e3ffe14fa4002c2ba823,6a11f7b5ae962e370425461e,APPROVED,Not Applicable,2026-05-26T00:06:33.771000Z,2026-05-26T00:14:40.743000Z,2026-05-26T00:14:41.226000Z,2026-05-26T00:15:41.110678Z,487.0,CLI7EFCV,43,20,Male,White,United States,United States,United States,English,No,Full-Time
6a14e400705f3bcb3fc8a957,6a098f0161857a6057f467fb,APPROVED,Not Applicable,2026-05-26T00:06:24.562000Z,2026-05-26T00:16:47.920000Z,2026-05-26T00:16:48.396000Z,2026-05-26T00:17:48.321424Z,624.0,CLI7EFCV,9,32,Female,White,United Kingdom,United Kingdom,United Kingdom,English,No,"Not in paid work (e.g. homemaker', 'retired or disabled)"
6a14e408797b52ecf49a0f94,6a0b82c1cdcbf15b7dfa0838,APPROVED,Not Applicable,2026-05-26T00:06:37.995000Z,2026-05-26T00:14:39.848000Z,2026-05-26T00:14:45.961000Z,2026-05-26T00:15:40.223080Z,482.0,CLI7EFCV,20,23,Female,White,United Kingdom,United Kingdom,United Kingdom,English,Yes,Unemployed (and job seeking)
6a14e408fb13be014da6d66c,654d0bd1f4ba143e0503a02f,APPROVED,Not Applicable,2026-05-26T00:07:48.272000Z,2026-05-26T00:26:13.885000Z,2026-05-26T00:26:14.405000Z,2026-05-26T00:27:14.316147Z,1106.0,CLI7EFCV,4092,68,Male,White,United States,United States,United States,English,No,Part-Time
6a14e412b75d990265484285,665b1c8e63a2144efc395a74,APPROVED,Not Applicable,2026-05-26T00:06:46.474000Z,2026-05-26T00:18:21.310000Z,2026-05-26T00:18:21.752000Z,2026-05-26T00:19:21.667520Z,695.0,CLI7EFCV,858,31,Female,Asian,Canada,Canada,Canada,English,No,Full-Time
6a14e4145efff0f3ad0e0916,588e3172bc9f190001487eb8,APPROVED,Not Applicable,2026-05-26T00:06:52.347000Z,2026-05-26T00:19:27.072000Z,2026-05-26T00:19:27.530000Z,2026-05-26T00:20:27.444073Z,755.0,CLI7EFCV,3086,41,Female,White,United States,United States,United States,English,No,Part-Time
6a14e417795778534360c188,69a715f80f35e2dae0b576e6,APPROVED,Not Applicable,2026-05-26T00:06:51.412000Z,2026-05-26T00:22:32.385000Z,2026-05-26T00:22:32.839000Z,2026-05-26T00:23:32.741389Z,941.0,CLI7EFCV,592,28,Female,Black,Canada,Canada,Canada,English,No,Full-Time
6a14e41bd8eaa191cd03955d,5e059d2bb1fb05fd1f841142,APPROVED,Not Applicable,2026-05-26T00:07:32.415000Z,2026-05-26T00:36:52.262000Z,2026-05-26T00:36:52.689000Z,2026-05-26T00:37:52.601177Z,1760.0,CLI7EFCV,6918,61,Male,White,United States,United States,United States,English,No,Full-Time
6a14e41ce157230ad02debc9,69f909eb000ba58faf9cb1a2,APPROVED,Not Applicable,2026-05-26T00:06:55.962000Z,2026-05-26T00:16:04.939000Z,2026-05-26T00:16:06.362000Z,2026-05-26T00:17:05.300380Z,549.0,CLI7EFCV,165,49,Male,White,United Kingdom,United Kingdom,United Kingdom,English,No,Full-Time
6a14e41d2e274d11fde4d298,57d810f1813eb30001825b65,APPROVED,Not Applicable,2026-05-26T00:06:58.214000Z,2026-05-26T00:19:00.230000Z,2026-05-26T00:19:00.669000Z,2026-05-26T00:20:00.569370Z,723.0,CLI7EFCV,3954,50,Male,White,United States,United States,United States,English,No,Full-Time
6a14e4205028980ca0470551,6a03a30e30514dfe5e7d92a3,APPROVED,Not Applicable,2026-05-26T00:07:01.853000Z,2026-05-26T00:17:29.353000Z,2026-05-26T00:17:29.806000Z,2026-05-26T00:18:29.711343Z,628.0,CLI7EFCV,32,19,Female,Asian,Pakistan,United States,United States,English,Yes,Unemployed (and job seeking)
6a14e42103225786e96dbae6,69c8e7fded5c8412575a3283,APPROVED,Not Applicable,2026-05-26T00:12:47.117000Z,2026-05-26T00:28:03.103000Z,2026-05-26T00:28:03.582000Z,2026-05-26T00:29:03.467094Z,916.0,CLI7EFCV,165,26,Male,White,El Salvador,United States,El Salvador,English,Yes,"Not in paid work (e.g. homemaker', 'retired or disabled)"
6a14e42643293ab1b6e95160,69fcb0ffaf96849dd7448d76,APPROVED,Not Applicable,2026-05-26T00:07:06.680000Z,2026-05-26T00:15:37.445000Z,2026-05-26T00:15:37.868000Z,2026-05-26T00:16:37.771151Z,511.0,CLI7EFCV,195,27,Male,White,United Kingdom,United Kingdom,United Kingdom,English,No,Unemployed (and job seeking)
6a14e4337359d1bfd562f8f4,5de1ac810f8b6721970ab78a,APPROVED,Not Applicable,2026-05-26T00:07:20.976000Z,2026-05-26T00:18:18.252000Z,2026-05-26T00:18:33.775000Z,2026-05-26T00:19:18.619426Z,658.0,CLI7EFCV,8737,51,Female,White,United States,United States,United States,English,No,Full-Time
6a14e43a2c7c0e494b5db335,6608a996490b655a26134b44,APPROVED,Not Applicable,2026-05-26T00:07:31.085000Z,2026-05-26T00:20:58.912000Z,2026-05-26T00:20:59.382000Z,2026-05-26T00:21:59.287039Z,808.0,CLI7EFCV,2247,43,Female,White,United States,Australia,Australia,English,No,Part-Time
6a14e43f647c080db3a28812,61393fe3b369fb340cf4f7f6,APPROVED,Not Applicable,2026-05-26T00:07:31.307000Z,2026-05-26T00:33:52.721000Z,2026-05-26T00:33:53.154000Z,2026-05-26T00:34:53.058763Z,1582.0,CLI7EFCV,948,27,Female,Mixed,United States,United States,United States,English,No,Full-Time
6a14e44bbc616ec595a73abe,5e863db644d87426bbe2e92a,APPROVED,Not Applicable,2026-05-26T00:12:44.767000Z,2026-05-26T00:25:54.150000Z,2026-05-26T00:25:54.598000Z,2026-05-26T00:26:54.486384Z,790.0,CLI7EFCV,1701,70,Male,White,United States,United States,United States,English,No,DATA_EXPIRED
6a14e44d21efa833b34e3832,69b08dddb6d05856671fecb9,APPROVED,Not Applicable,2026-05-26T00:08:18.484000Z,2026-05-26T00:34:50.660000Z,2026-05-26T00:34:51.122000Z,2026-05-26T00:35:51.023851Z,1593.0,CLI7EFCV,433,62,Female,White,United Kingdom,Canada,Canada,English,No,"Not in paid work (e.g. homemaker', 'retired or disabled)"
6a14e46068842975f78b1dcd,69baf0576afac5c40e6b5a44,APPROVED,Not Applicable,2026-05-26T00:08:06.396000Z,2026-05-26T00:32:42.868000Z,2026-05-26T00:32:43.353000Z,2026-05-26T00:33:43.265734Z,1477.0,CLI7EFCV,955,39,Female,White,United States,United States,United States,English,No,Full-Time
6a14e4614fc5c7424b2b3059,69fb85aea1c2bab352a9028d,APPROVED,Not Applicable,2026-05-26T00:08:04.156000Z,2026-05-26T00:19:29.080000Z,2026-05-26T00:19:36.377000Z,2026-05-26T00:20:29.414168Z,685.0,CLI7EFCV,121,24,Male,White,United States,United States,United States,English,No,Full-Time
6a14e462b1ae8f2dfa2df1fc,55b3120cfdf99b6ef6263a71,APPROVED,Not Applicable,2026-05-26T00:08:02.309000Z,2026-05-26T00:24:26.566000Z,2026-05-26T00:24:27.022000Z,2026-05-26T00:25:26.938080Z,985.0,CLI7EFCV,8011,58,Female,White,United States,United States,United States,English,No,Full-Time
6a14e464f4122328e75b6b00,681ae31bd94a34a104d5e66f,APPROVED,Not Applicable,2026-05-26T00:09:06.148000Z,2026-05-26T00:21:07.383000Z,2026-05-26T00:21:07.830000Z,2026-05-26T00:22:07.735139Z,722.0,CLI7EFCV,1908,70,Female,White,Australia,Australia,Australia,English,No,Part-Time
6a14e465e689ec6a1a3a81d4,6a139a5709e37e9455104d68,APPROVED,Not Applicable,2026-05-26T00:08:08.290000Z,2026-05-26T00:18:09.740000Z,2026-05-26T00:18:10.203000Z,2026-05-26T00:19:10.090992Z,602.0,CLI7EFCV,4,21,Female,Asian,United States,United States,United States,English,Yes,Full-Time
6a14e468fff7e20347b009e8,695fd5e7dd1ecd302cfaeb9a,APPROVED,Not Applicable,2026-05-26T00:08:12.455000Z,2026-05-26T00:23:34.789000Z,2026-05-26T00:23:35.244000Z,2026-05-26T00:24:35.148437Z,923.0,CLI7EFCV,2249,20,Male,White,United States,United States,United States,English,Yes,Part-Time
6a14e46ad7baacbfc7e05065,690be86610c950b40a78877a,APPROVED,Not Applicable,2026-05-26T00:08:13.987000Z,2026-05-26T00:20:10.493000Z,2026-05-26T00:20:15.979000Z,2026-05-26T00:21:10.860904Z,717.0,CLI7EFCV,531,44,Female,White,Australia,Australia,Australia,English,No,Part-Time
6a14e46e7c49b07956dfea61,697a40696daef87202cf5a39,APPROVED,Not Applicable,2026-05-26T00:08:17.905000Z,2026-05-26T00:24:54.683000Z,2026-05-26T00:24:55.144000Z,2026-05-26T00:25:55.052707Z,997.0,CLI7EFCV,631,37,Female,Mixed,United States,United States,United States,English,No,"Not in paid work (e.g. homemaker', 'retired or disabled)"
6a14e48a2718468085eec5db,6a078f08eef2abca8f91975a,APPROVED,Not Applicable,2026-05-26T00:08:42.299000Z,2026-05-26T00:27:12.675000Z,2026-05-26T00:27:13.110000Z,2026-05-26T00:28:13.026185Z,1111.0,CLI7EFCV,403,31,Female,White,United States,United States,United States,English,No,Part-Time
6a14e4b2928f52f3d4b0e475,5bdcd88176d6d50001bc3849,APPROVED,Not Applicable,2026-05-26T00:09:27.326000Z,2026-05-26T00:21:45.462000Z,2026-05-26T00:21:45.891000Z,2026-05-26T00:22:45.785149Z,739.0,CLI7EFCV,7926,61,Male,White,United States,United States,United States,English,No,"Not in paid work (e.g. homemaker', 'retired or disabled)"
6a14e4c928aa7dff173fc897,69fe1983308f8e248a363996,APPROVED,Not Applicable,2026-05-26T00:10:04.908000Z,2026-05-26T00:38:39.579000Z,2026-05-26T00:38:40.006000Z,2026-05-26T00:39:39.919864Z,1715.0,CLI7EFCV,22,65,Male,Black,United States,United States,United States,English,No,Unemployed (and job seeking)
6a14e4cf39e93cffae460f0e,6a1341aa5661fc76f66e404f,APPROVED,Not Applicable,2026-05-26T00:09:51.090000Z,2026-05-26T00:27:11.365000Z,2026-05-26T00:27:11.862000Z,2026-05-26T00:28:11.722422Z,1041.0,CLI7EFCV,14,31,Female,White,United States,United States,United States,English,No,Part-Time
6a14e4da39974454134337a0,6a094d6fb2262c58d6d134ff,APPROVED,Not Applicable,2026-05-26T00:10:07.652000Z,2026-05-26T00:27:32.341000Z,2026-05-26T00:27:32.813000Z,2026-05-26T00:28:32.706652Z,1045.0,CLI7EFCV,56,54,Female,Asian,Vietnam,United States,United States,English,No,Other
6a14e4dab74948bf6716dee2,666559e634fffd1ce19ba654,APPROVED,Not Applicable,2026-05-26T00:10:06.802000Z,2026-05-26T00:31:19.436000Z,2026-05-26T00:31:19.893000Z,2026-05-26T00:32:19.807125Z,1273.0,CLI7EFCV,5404,31,Female,White,United States,United States,United States,English,No,"Not in paid work (e.g. homemaker', 'retired or disabled)"
6a14e4ddc88e1b96bfdab16c,67bf8696b3b7e7a95c9cd9bf,APPROVED,Not Applicable,2026-05-26T00:10:08.998000Z,2026-05-26T00:32:55.584000Z,2026-05-26T00:32:56.078000Z,2026-05-26T00:33:55.941490Z,1367.0,CLI7EFCV,3926,56,Female,Mixed,United States,United States,United States,English,No,Part-Time
6a14e4e0deb0d525caf4d0b6,66d282830897b77f5b260208,APPROVED,Not Applicable,2026-05-26T00:10:15.586000Z,2026-05-26T00:23:10.185000Z,2026-05-26T00:23:10.638000Z,2026-05-26T00:24:10.535833Z,775.0,CLI7EFCV,4117,67,Female,White,United States,United States,United States,English,No,Part-Time
6a14e4e7cba3743924e339a8,6a13f9387afdfac31434d248,APPROVED,Not Applicable,2026-05-26T00:10:19.800000Z,2026-05-26T00:18:14.619000Z,2026-05-26T00:18:20.112000Z,2026-05-26T00:19:14.972921Z,475.0,CLI7EFCV,1,34,Male,White,United States,United States,United States,English,No,Full-Time
6a14e504db459ea12c73bad9,5e3d57c40d3a26000edff2e1,APPROVED,Not Applicable,2026-05-26T00:10:48.210000Z,2026-05-26T00:24:56.981000Z,2026-05-26T00:24:57.399000Z,2026-05-26T00:25:57.317192Z,849.0,CLI7EFCV,3720,25,Male,White,United Kingdom,United Kingdom,United Kingdom,English,No,Full-Time
6a14e508657b708ffa34239e,69a8a4dbfafe4f4152ad6b04,APPROVED,Not Applicable,2026-05-26T00:11:01.706000Z,2026-05-26T00:25:17.133000Z,2026-05-26T00:25:17.607000Z,2026-05-26T00:26:17.502094Z,856.0,CLI7EFCV,160,22,Female,Other,United States,United States,United States,English,No,Full-Time
6a14e51e9fe27b27a7c8f69c,6a0acb665410f67dd44d67ea,APPROVED,Not Applicable,2026-05-26T00:11:15.032000Z,2026-05-26T00:19:28.975000Z,2026-05-26T00:19:29.443000Z,2026-05-26T00:20:29.350315Z,494.0,CLI7EFCV,71,19,Male,White,United States,United States,United States,English,No,Unemployed (and job seeking)
6a14e52f8ffdc4b0e405299b,55fc2b4377f33b000ecb21ed,APPROVED,Not Applicable,2026-05-26T00:11:30.105000Z,2026-05-26T00:24:45.907000Z,2026-05-26T00:24:46.378000Z,2026-05-26T00:25:46.264754Z,796.0,CLI7EFCV,4071,39,Male,White,United States,United States,United States,English,No,Full-Time
6a14e541ca5a837bc38b68ea,6994404b0579ad3655b3025e,APPROVED,Not Applicable,2026-05-26T00:11:45.990000Z,2026-05-26T00:34:10.525000Z,2026-05-26T00:34:11.030000Z,2026-05-26T00:35:10.919927Z,1345.0,CLI7EFCV,375,44,Female,Prefer not to say,United States,United States,United States,English,Yes,Unemployed (and job seeking)
6a14e55781839e0dbb8c0413,6303fb5b692c378ba1d010f9,APPROVED,Not Applicable,2026-05-26T00:12:13.690000Z,2026-05-26T00:27:19.873000Z,2026-05-26T00:27:20.332000Z,2026-05-26T00:28:20.216973Z,907.0,CLI7EFCV,2503,35,Male,White,United States,United States,United States,English,No,Full-Time
6a14e557aa0bdad200151ec2,6a1491860d79089eaab54f67,APPROVED,Not Applicable,2026-05-26T00:12:07.920000Z,2026-05-26T00:22:40.026000Z,2026-05-26T00:22:40.452000Z,2026-05-26T00:23:40.368647Z,633.0,CLI7EFCV,4,27,Female,Asian,United States,United States,United States,English,No,Unemployed (and job seeking)
6a14e56a829696b7e22bff77,69c3ec1365c49fe3c120b56b,APPROVED,Not Applicable,2026-05-26T00:13:32.275000Z,2026-05-26T00:23:19.730000Z,2026-05-26T00:23:20.184000Z,2026-05-26T00:24:20.068488Z,588.0,CLI7EFCV,786,30,Female,Mixed,United States,United States,United States,English,No,Full-Time
6a14e58236798fe8e6fc96c5,6a00d21f7029741ae45409c9,APPROVED,Not Applicable,2026-05-26T00:13:07.193000Z,2026-05-26T00:35:42.630000Z,2026-05-26T00:35:43.093000Z,2026-05-26T00:36:42.997306Z,1356.0,CLI7EFCV,89,34,Male,White,United Kingdom,United Kingdom,United Kingdom,English,Yes,Full-Time
6a14e5c781bbc3973ccf68a5,66d0a375c1c8aa9cac493997,APPROVED,Not Applicable,2026-05-26T00:13:59.125000Z,2026-05-26T00:29:58.431000Z,2026-05-26T00:29:58.861000Z,2026-05-26T00:30:58.767382Z,960.0,CLI7EFCV,5202,42,Female,White,United States,United States,United States,English,No,Unemployed (and job seeking)
6a14e5cf7baec11c587b0621,6a0fa4d0752408b8b9e0ed8d,APPROVED,Not Applicable,2026-05-26T00:15:50.137000Z,2026-05-26T00:28:50.811000Z,2026-05-26T00:28:51.259000Z,2026-05-26T00:29:51.165549Z,781.0,CLI7EFCV,5,28,Male,White,United Kingdom,United Kingdom,United Kingdom,English,No,Unemployed (and job seeking)
6a14e643e7fdcb530df4d0be,69f92285d17e4ffaa3bf6d29,APPROVED,Not Applicable,2026-05-26T00:16:08.089000Z,2026-05-26T00:29:12.640000Z,2026-05-26T00:29:13.081000Z,2026-05-26T00:30:12.986175Z,785.0,CLI7EFCV,121,34,Female,White,United Kingdom,United Kingdom,United Kingdom,English,Yes,Due to start a new job within the next month
6a14e647ded95a89d944f89b,6a010ff6c26d6d3cda471a43,APPROVED,Not Applicable,2026-05-26T00:16:14.439000Z,2026-05-26T00:34:45.429000Z,2026-05-26T00:34:45.869000Z,2026-05-26T00:35:45.779579Z,1111.0,CLI7EFCV,129,29,Male,White,United Kingdom,United Kingdom,United Kingdom,English,No,Full-Time
6a14e64872d84a8c013c7d55,6991c8f07a42cc3ac96797fe,APPROVED,Not Applicable,2026-05-26T00:16:24.570000Z,2026-05-26T00:32:42.352000Z,2026-05-26T00:32:42.776000Z,2026-05-26T00:33:42.674341Z,978.0,CLI7EFCV,747,38,Male,White,Poland,United States,Poland,English,No,Part-Time
6a14e64f2ed6def721fd8478,5e402dcd7b260d000a7b69fe,APPROVED,Not Applicable,2026-05-26T00:16:18.607000Z,2026-05-26T00:25:38.695000Z,2026-05-26T00:25:39.128000Z,2026-05-26T00:26:39.033676Z,561.0,CLI7EFCV,9062,40,Female,White,United States,United States,United States,English,No,Full-Time
6a14e65c21a4930d67c43862,65978a6c375b6513561ed3fa,APPROVED,Not Applicable,2026-05-26T00:16:34.529000Z,2026-05-26T00:31:56.650000Z,2026-05-26T00:31:57.084000Z,2026-05-26T00:32:56.986483Z,923.0,CLI7EFCV,3582,37,Female,Black,United States,United States,United States,English,No,Full-Time
6a14e6aa8e756d9d7f57dd9b,55aeaeb3fdf99b5c769f1f7c,APPROVED,Not Applicable,2026-05-26T00:17:46.947000Z,2026-05-26T00:37:21.612000Z,2026-05-26T00:37:22.097000Z,2026-05-26T00:38:22.000108Z,1175.0,CLI7EFCV,15736,63,Male,White,United States,United States,United States,English,DATA_EXPIRED,DATA_EXPIRED
6a14e6bca057aa8947264f87,6a095e9cd41a1b9002f36885,APPROVED,Not Applicable,2026-05-26T00:18:16.031000Z,2026-05-26T00:31:05.388000Z,2026-05-26T00:31:05.819000Z,2026-05-26T00:32:05.724476Z,770.0,CLI7EFCV,28,25,Male,White,United States,United States,United States,English,No,Full-Time
6a14e6beb74948bf6716defb,6a08c0d947867c9d5657882b,APPROVED,Not Applicable,2026-05-26T00:18:10.421000Z,2026-05-26T00:29:13.995000Z,2026-05-26T00:29:19.495000Z,2026-05-26T00:30:14.381903Z,664.0,CLI7EFCV,11,36,Male,Asian,Canada,Canada,Canada,English,No,Full-Time
6a14e6d2b5ca9748cd7ea6f4,5af6fec3672ea800010d5118,APPROVED,Not Applicable,2026-05-26T00:18:32.273000Z,2026-05-26T00:31:23.549000Z,2026-05-26T00:31:23.983000Z,2026-05-26T00:32:23.881606Z,772.0,CLI7EFCV,417,50,Female,White,Ireland,United Kingdom,Ireland,English,No,Part-Time
6a14e736eb05220fb91dd3f0,6a12b505a750756f1aa15320,APPROVED,Not Applicable,2026-05-26T00:20:16.553000Z,2026-05-26T00:39:34.828000Z,2026-05-26T00:39:35.278000Z,2026-05-26T00:40:35.174542Z,1159.0,CLI7EFCV,2,18,Female,Other,Canada,Canada,India,English,Yes,Unemployed (and job seeking)
6a14e7406338374700a97b8b,5e6af189bdaa1a0b355f63ae,APPROVED,Not Applicable,2026-05-26T00:20:19.170000Z,2026-05-26T00:33:11.634000Z,2026-05-26T00:33:12.121000Z,2026-05-26T00:34:12.041342Z,773.0,CLI7EFCV,9805,47,Female,White,United Kingdom,United States,United Kingdom,English,No,Full-Time
6a14e7abc47cf9d3828b6907,663b9428f987ff46c0638ad1,APPROVED,Not Applicable,2026-05-26T00:22:06.413000Z,2026-05-26T00:32:25.700000Z,2026-05-26T00:32:26.666000Z,2026-05-26T00:33:26.578060Z,620.0,CLI7EFCV,917,21,Female,Black,United States,United States,United States,English,No,Full-Time
6a14e7c3c4cda21ad69b81cd,6a12827a8a6c345d5befb41e,AWAITING REVIEW,Not Applicable,2026-05-26T00:22:34.430000Z,2026-05-26T00:33:03.872000Z,,2026-05-26T00:33:04.395958Z,630.0,CLI7EFCV.,12,20,Male,Black,United States,United States,Jamaica,English,Yes,Due to start a new job within the next month
6a14e7d4235313efdcb47e59,5f9556e826384e3aaa4f0f01,APPROVED,Not Applicable,2026-05-26T00:22:44.357000Z,2026-05-26T00:37:23.019000Z,2026-05-26T00:37:23.438000Z,2026-05-26T00:38:23.346409Z,879.0,CLI7EFCV,7354,56,Male,Asian,United Kingdom,United States,United Kingdom,English,No,Full-Time
6a14e825a1fed8c8aabcf0cd,69866c151e89ae8ed8ebc85b,APPROVED,Not Applicable,2026-05-26T00:24:29.496000Z,2026-05-26T00:37:03.591000Z,2026-05-26T00:37:04.035000Z,2026-05-26T00:38:03.930987Z,755.0,CLI7EFCV,824,28,Female,Asian,United States,United States,United States,English,Yes,Full-Time
6a14e85e0b750e416eea4823,69e53801e0fda354ae36290e,APPROVED,Not Applicable,2026-05-26T00:25:02.661000Z,2026-05-26T00:47:30.434000Z,2026-05-26T00:47:30.992000Z,2026-05-26T00:48:30.850412Z,1348.0,CLI7EFCV,12,39,Female,Black,Canada,Canada,Canada,English,No,Full-Time
6a14e909c25c90603dd27327,69ba27d8069a7a4a2764ed9f,APPROVED,Not Applicable,2026-05-26T00:27:53.423000Z,2026-05-26T00:42:34.039000Z,2026-05-26T00:42:34.507000Z,2026-05-26T00:43:34.413081Z,881.0,CLI7EFCV,1987,49,Male,Asian,United States,United States,United States,English,No,Full-Time
6a14eaa6232196a29c68ec5a,6a050a367c5b26bf6ecac696,APPROVED,Not Applicable,2026-05-26T00:34:50.749000Z,2026-05-26T00:49:27.331000Z,2026-05-26T00:49:27.789000Z,2026-05-26T00:50:27.694982Z,877.0,CLI7EFCV,84,42,Female,White,United States,United States,United States,English,No,Part-Time
6a14eb867b02e13f5a8c7890,66b177122f2031aaccb57d7f,APPROVED,Not Applicable,2026-05-26T00:41:09.698000Z,2026-05-26T01:02:38.328000Z,2026-05-26T01:02:38.797000Z,2026-05-26T01:03:38.670787Z,1289.0,CLI7EFCV,898,53,Female,White,United States,United States,United States,English,No,Full-Time
6a14ec289361224e8e674022,6a0af8db0162308ca5e3f59b,APPROVED,Not Applicable,2026-05-26T00:41:26.626000Z,2026-05-26T00:55:50.373000Z,2026-05-26T00:55:50.866000Z,2026-05-26T00:56:50.731246Z,864.0,CLI7EFCV,33,59,Male,White,United Kingdom,United Kingdom,United Kingdom,English,No,"Not in paid work (e.g. homemaker', 'retired or disabled)"
6a14ec8e5c81a146f58c0419,69cf47f89e56c2dc714765e2,APPROVED,Not Applicable,2026-05-26T00:42:59.217000Z,2026-05-26T00:51:47.851000Z,2026-05-26T00:51:48.313000Z,2026-05-26T00:52:48.203562Z,529.0,CLI7EFCV,224,37,Female,White,United States,United States,United States,English,No,Full-Time
6a14ecf44fd0d10acc300555,66125c309e5fdbc4ec2f52ba,APPROVED,Not Applicable,2026-05-26T00:44:46.393000Z,2026-05-26T00:58:05.987000Z,2026-05-26T00:58:06.420000Z,2026-05-26T00:59:06.325898Z,800.0,CLI7EFCV,2289,42,Male,White,New Zealand,New Zealand,New Zealand,English,No,Full-Time
6a14ecf507ae3704953f5ea2,69f45a35e56636eeea4443fd,APPROVED,Not Applicable,2026-05-26T00:44:40.164000Z,2026-05-26T00:55:04.573000Z,2026-05-26T00:55:04.988000Z,2026-05-26T00:56:04.900282Z,625.0,CLI7EFCV,105,21,Male,White,United States,United States,United States,English,Yes,Unemployed (and job seeking)
6a14ed1e07a398aae7ff2cc6,5589c7cefdf99b18bd86cf31,APPROVED,Not Applicable,2026-05-26T00:45:27.081000Z,2026-05-26T00:58:14.197000Z,2026-05-26T00:58:14.667000Z,2026-05-26T00:59:14.577208Z,768.0,CLI7EFCV,19291,43,Male,White,United States,United States,United States,English,No,Full-Time
6a14ef1b111c04acfda96178,6633015722380f9ae312482b,APPROVED,Not Applicable,2026-05-26T00:53:57.035000Z,2026-05-26T01:17:26.302000Z,2026-05-26T01:17:27.395000Z,2026-05-26T01:18:27.293287Z,1410.0,CLI7EFCV,122,41,Female,Black,United States,United States,United States,English,No,Part-Time
6a14e301bf209862a0334270,6a14d94a3e55f217bd8c0429,RETURNED,Not Applicable,2026-05-26T00:02:17.056000Z,,,,,,0,CONSENT_REVOKED,CONSENT_REVOKED,CONSENT_REVOKED,CONSENT_REVOKED,CONSENT_REVOKED,CONSENT_REVOKED,CONSENT_REVOKED,CONSENT_REVOKED,CONSENT_REVOKED
6a14e3137baec11c587b05ff,6a137ccba1ff1915c7fa26eb,RETURNED,Not Applicable,2026-05-26T00:02:32.622000Z,,,,,,1,CONSENT_REVOKED,CONSENT_REVOKED,CONSENT_REVOKED,CONSENT_REVOKED,CONSENT_REVOKED,CONSENT_REVOKED,CONSENT_REVOKED,CONSENT_REVOKED,CONSENT_REVOKED
6a14e34f9f5de11894fc9753,6a0e0e00990cf2e47a17c9e2,RETURNED,Not Applicable,2026-05-26T00:03:32.444000Z,,,,,,33,CONSENT_REVOKED,CONSENT_REVOKED,CONSENT_REVOKED,CONSENT_REVOKED,CONSENT_REVOKED,CONSENT_REVOKED,CONSENT_REVOKED,CONSENT_REVOKED,CONSENT_REVOKED
6a14e355b6e94a10d6981248,69b0bfcdaff478caa9c6dc42,RETURNED,Not Applicable,,,,,,,1,CONSENT_REVOKED,CONSENT_REVOKED,CONSENT_REVOKED,CONSENT_REVOKED,CONSENT_REVOKED,CONSENT_REVOKED,CONSENT_REVOKED,CONSENT_REVOKED,CONSENT_REVOKED
6a14e356043281b4d578dd03,6a024ce8273eef37144d77ea,RETURNED,Not Applicable,2026-05-26T00:14:00.006000Z,,,,,,130,CONSENT_REVOKED,CONSENT_REVOKED,CONSENT_REVOKED,CONSENT_REVOKED,CONSENT_REVOKED,CONSENT_REVOKED,CONSENT_REVOKED,CONSENT_REVOKED,CONSENT_REVOKED
6a14e35a07193a71c358cf79,5e38397719e44f0244389781,RETURNED,Not Applicable,2026-05-26T00:03:38.344000Z,,,,,,4148,CONSENT_REVOKED,CONSENT_REVOKED,CONSENT_REVOKED,CONSENT_REVOKED,CONSENT_REVOKED,CONSENT_REVOKED,CONSENT_REVOKED,CONSENT_REVOKED,CONSENT_REVOKED
6a14e35c17918ef9695a3e2b,69ec0801854129d6e09b1a0b,RETURNED,Not Applicable,2026-05-26T00:04:41.634000Z,,,,,,203,CONSENT_REVOKED,CONSENT_REVOKED,CONSENT_REVOKED,CONSENT_REVOKED,CONSENT_REVOKED,CONSENT_REVOKED,CONSENT_REVOKED,CONSENT_REVOKED,CONSENT_REVOKED
6a14e35edecc803fc1a63a63,6a149a20f144967d3c6644f2,TIMED-OUT,Not Applicable,2026-05-26T00:06:50.965000Z,,,,685391.0,,69,29,Female,White,United States,United States,United States,English,No,Unemployed (and job seeking)
6a14e3619fe084a598c93a32,69263215845d92c2cd3a2882,RETURNED,Not Applicable,2026-05-26T00:03:45.668000Z,,,,,,1991,CONSENT_REVOKED,CONSENT_REVOKED,CONSENT_REVOKED,CONSENT_REVOKED,CONSENT_REVOKED,CONSENT_REVOKED,CONSENT_REVOKED,CONSENT_REVOKED,CONSENT_REVOKED
6a14e361fbede47cc5845500,694178cae2d83708a00b66e9,RETURNED,Not Applicable,2026-05-26T00:03:49.349000Z,,,,,,779,CONSENT_REVOKED,CONSENT_REVOKED,CONSENT_REVOKED,CONSENT_REVOKED,CONSENT_REVOKED,CONSENT_REVOKED,CONSENT_REVOKED,CONSENT_REVOKED,CONSENT_REVOKED
6a14e363df677e92365963d3,66928daf513c6887f66b6e19,RETURNED,Not Applicable,2026-05-26T00:14:00.006000Z,,,,,,1827,CONSENT_REVOKED,CONSENT_REVOKED,CONSENT_REVOKED,CONSENT_REVOKED,CONSENT_REVOKED,CONSENT_REVOKED,CONSENT_REVOKED,CONSENT_REVOKED,CONSENT_REVOKED
6a14e36549256f32e6e28908,5a78f57a2a842c0001fc43db,RETURNED,Not Applicable,2026-05-26T00:04:53.810000Z,,,,,,6253,CONSENT_REVOKED,CONSENT_REVOKED,CONSENT_REVOKED,CONSENT_REVOKED,CONSENT_REVOKED,CONSENT_REVOKED,CONSENT_REVOKED,CONSENT_REVOKED,CONSENT_REVOKED
6a14e3664ec10fd1e055a988,6a146cdbf43fa60416ed1c98,RETURNED,Not Applicable,2026-05-26T00:03:54.791000Z,,,,,,43,CONSENT_REVOKED,CONSENT_REVOKED,CONSENT_REVOKED,CONSENT_REVOKED,CONSENT_REVOKED,CONSENT_REVOKED,CONSENT_REVOKED,CONSENT_REVOKED,CONSENT_REVOKED
6a14e366d2e3d3a3dc217f78,63ced2a0459f429d3da07830,RETURNED,Not Applicable,2026-05-26T00:03:54.880000Z,,,,,,2143,CONSENT_REVOKED,CONSENT_REVOKED,CONSENT_REVOKED,CONSENT_REVOKED,CONSENT_REVOKED,CONSENT_REVOKED,CONSENT_REVOKED,CONSENT_REVOKED,CONSENT_REVOKED
6a14e3690241a3b6f2037c87,673219445982b7e6a1bdaa4b,RETURNED,Not Applicable,2026-05-26T00:04:03.843000Z,,,,,,1045,CONSENT_REVOKED,CONSENT_REVOKED,CONSENT_REVOKED,CONSENT_REVOKED,CONSENT_REVOKED,CONSENT_REVOKED,CONSENT_REVOKED,CONSENT_REVOKED,CONSENT_REVOKED
6a14e36c3bf9e722bafddfa7,6141563b3e1d6856256a5e40,RETURNED,Not Applicable,2026-05-26T00:04:00.310000Z,,,,,,5384,CONSENT_REVOKED,CONSENT_REVOKED,CONSENT_REVOKED,CONSENT_REVOKED,CONSENT_REVOKED,CONSENT_REVOKED,CONSENT_REVOKED,CONSENT_REVOKED,CONSENT_REVOKED
6a14e3733cf57c9b2fdda286,6a106541c1a012bc5c620ede,RETURNED,Not Applicable,2026-05-26T00:04:07.633000Z,,,,,,90,CONSENT_REVOKED,CONSENT_REVOKED,CONSENT_REVOKED,CONSENT_REVOKED,CONSENT_REVOKED,CONSENT_REVOKED,CONSENT_REVOKED,CONSENT_REVOKED,CONSENT_REVOKED
6a14e3740f3d4d88354e6f46,6969488b673aca094759706d,RETURNED,Not Applicable,2026-05-26T00:04:08.944000Z,,,,,,354,CONSENT_REVOKED,CONSENT_REVOKED,CONSENT_REVOKED,CONSENT_REVOKED,CONSENT_REVOKED,CONSENT_REVOKED,CONSENT_REVOKED,CONSENT_REVOKED,CONSENT_REVOKED
6a14e3771df75cc283bd5bfe,5591c364fdf99b62fdfd6b65,RETURNED,Not Applicable,2026-05-26T00:04:12.401000Z,,,,,,743,CONSENT_REVOKED,CONSENT_REVOKED,CONSENT_REVOKED,CONSENT_REVOKED,CONSENT_REVOKED,CONSENT_REVOKED,CONSENT_REVOKED,CONSENT_REVOKED,CONSENT_REVOKED
6a14e378329ce70dc58c78bc,5ee2d96eac3291203650f16e,RETURNED,Not Applicable,2026-05-26T00:04:11.417000Z,,,,,,10837,CONSENT_REVOKED,CONSENT_REVOKED,CONSENT_REVOKED,CONSENT_REVOKED,CONSENT_REVOKED,CONSENT_REVOKED,CONSENT_REVOKED,CONSENT_REVOKED,CONSENT_REVOKED
6a14e37a2e274d11fde4d291,69f67d5bcaed146afb2e831a,RETURNED,Not Applicable,2026-05-26T00:04:15.990000Z,,,,,,165,CONSENT_REVOKED,CONSENT_REVOKED,CONSENT_REVOKED,CONSENT_REVOKED,CONSENT_REVOKED,CONSENT_REVOKED,CONSENT_REVOKED,CONSENT_REVOKED,CONSENT_REVOKED
6a14e38bde9468b3b82ba826,69d6a8a818bd238d2d356cc9,RETURNED,Not Applicable,2026-05-26T00:15:00.023000Z,,,,,,297,CONSENT_REVOKED,CONSENT_REVOKED,CONSENT_REVOKED,CONSENT_REVOKED,CONSENT_REVOKED,CONSENT_REVOKED,CONSENT_REVOKED,CONSENT_REVOKED,CONSENT_REVOKED
6a14e38cc8e63ce13b34ae82,5e94fc39cc318836529fd876,RETURNED,Not Applicable,2026-05-26T00:07:52.206000Z,,,,,,7876,CONSENT_REVOKED,CONSENT_REVOKED,CONSENT_REVOKED,CONSENT_REVOKED,CONSENT_REVOKED,CONSENT_REVOKED,CONSENT_REVOKED,CONSENT_REVOKED,CONSENT_REVOKED
6a14e38e8e7219375dabb00e,69cd8fe60e58a51d157f9f9c,RETURNED,Not Applicable,2026-05-26T00:04:41.871000Z,,,,,,1695,CONSENT_REVOKED,CONSENT_REVOKED,CONSENT_REVOKED,CONSENT_REVOKED,CONSENT_REVOKED,CONSENT_REVOKED,CONSENT_REVOKED,CONSENT_REVOKED,CONSENT_REVOKED
6a14e3ab5880b322c49c8696,69ab8fbfd00201a8f2faf63d,RETURNED,Not Applicable,2026-05-26T00:05:43.348000Z,,,,,,643,CONSENT_REVOKED,CONSENT_REVOKED,CONSENT_REVOKED,CONSENT_REVOKED,CONSENT_REVOKED,CONSENT_REVOKED,CONSENT_REVOKED,CONSENT_REVOKED,CONSENT_REVOKED
6a14e3cd10fcba39492ecdca,6a058f6738de92653cf20aca,RETURNED,Not Applicable,2026-05-26T00:05:38.441000Z,,,,,,14,CONSENT_REVOKED,CONSENT_REVOKED,CONSENT_REVOKED,CONSENT_REVOKED,CONSENT_REVOKED,CONSENT_REVOKED,CONSENT_REVOKED,CONSENT_REVOKED,CONSENT_REVOKED
6a14e3df19fae9a298e05052,6a13cc1ae70f2f4c9036046c,RETURNED,Not Applicable,2026-05-26T00:05:56.011000Z,,,,,,46,CONSENT_REVOKED,CONSENT_REVOKED,CONSENT_REVOKED,CONSENT_REVOKED,CONSENT_REVOKED,CONSENT_REVOKED,CONSENT_REVOKED,CONSENT_REVOKED,CONSENT_REVOKED
6a14e3e050bbff2b5e4e9fe0,5953d01e4d560700016462da,RETURNED,Not Applicable,2026-05-26T00:06:25.694000Z,,,,,,10158,CONSENT_REVOKED,CONSENT_REVOKED,CONSENT_REVOKED,CONSENT_REVOKED,CONSENT_REVOKED,CONSENT_REVOKED,CONSENT_REVOKED,CONSENT_REVOKED,CONSENT_REVOKED
6a14e3e69c20ccfade78287c,66fca3f26e3bd3053c0f7780,RETURNED,Not Applicable,2026-05-26T00:06:03.060000Z,,,,,,2421,CONSENT_REVOKED,CONSENT_REVOKED,CONSENT_REVOKED,CONSENT_REVOKED,CONSENT_REVOKED,CONSENT_REVOKED,CONSENT_REVOKED,CONSENT_REVOKED,CONSENT_REVOKED
6a14e3e80fd7cc648b4fdc85,5ba596467c0ebe0001269842,RETURNED,Not Applicable,2026-05-26T00:06:05.665000Z,,,,,,8264,CONSENT_REVOKED,CONSENT_REVOKED,CONSENT_REVOKED,CONSENT_REVOKED,CONSENT_REVOKED,CONSENT_REVOKED,CONSENT_REVOKED,CONSENT_REVOKED,CONSENT_REVOKED
6a14e3e851b3e84181cdfc79,628deac8711dee5dbda650ae,RETURNED,Not Applicable,2026-05-26T00:17:00.014000Z,,,,,,7265,CONSENT_REVOKED,CONSENT_REVOKED,CONSENT_REVOKED,CONSENT_REVOKED,CONSENT_REVOKED,CONSENT_REVOKED,CONSENT_REVOKED,CONSENT_REVOKED,CONSENT_REVOKED
6a14e3e9dc21c67f4bd2736e,69b02c8f3094c9f6ee11df61,TIMED-OUT,Not Applicable,2026-05-26T00:06:14.209000Z,,,,685429.0,,516,48,Female,Mixed,Canada,Canada,Guyana,English,No,Full-Time
6a14e3eb4bff44f8848c047e,603ffa13fa433c1989bff9e3,TIMED-OUT,Not Applicable,2026-05-26T00:12:44.799000Z,,,,685038.0,,1516,34,Male,Black,United States,United States,United States,English,No,Full-Time
6a14e3f1287bcc9fe019ed6f,6a10c4d69d6566d51658b813,RETURNED,Not Applicable,2026-05-26T00:06:13.047000Z,,,,,,54,CONSENT_REVOKED,CONSENT_REVOKED,CONSENT_REVOKED,CONSENT_REVOKED,CONSENT_REVOKED,CONSENT_REVOKED,CONSENT_REVOKED,CONSENT_REVOKED,CONSENT_REVOKED
6a14e3f5a309a066a12b01b6,5ed0091bd374190b9b04045d,RETURNED,Not Applicable,2026-05-26T00:06:16.685000Z,,,,,,8573,CONSENT_REVOKED,CONSENT_REVOKED,CONSENT_REVOKED,CONSENT_REVOKED,CONSENT_REVOKED,CONSENT_REVOKED,CONSENT_REVOKED,CONSENT_REVOKED,CONSENT_REVOKED
6a14e3fa67e879394ab9c218,663e40045a25750e24268b32,TIMED-OUT,Not Applicable,2026-05-26T00:06:27.950000Z,,,,685415.0,,3579,38,Male,White,United States,United States,United States,English,DATA_EXPIRED,DATA_EXPIRED
6a14e3fcd1c1ff010e10a51e,6997ce67398d485a60e72a22,RETURNED,Not Applicable,2026-05-26T00:11:26.062000Z,,,,,,959,CONSENT_REVOKED,CONSENT_REVOKED,CONSENT_REVOKED,CONSENT_REVOKED,CONSENT_REVOKED,CONSENT_REVOKED,CONSENT_REVOKED,CONSENT_REVOKED,CONSENT_REVOKED
6a14e3fefbede47cc5845511,6a05d2a43ea4837743f28d8a,RETURNED,Not Applicable,2026-05-26T00:06:27.246000Z,,,,,,86,CONSENT_REVOKED,CONSENT_REVOKED,CONSENT_REVOKED,CONSENT_REVOKED,CONSENT_REVOKED,CONSENT_REVOKED,CONSENT_REVOKED,CONSENT_REVOKED,CONSENT_REVOKED
6a14e409d38f48e338bd2fcd,69ed15278090fe4438301d5c,RETURNED,Not Applicable,2026-05-26T00:06:41.852000Z,,,,,,544,CONSENT_REVOKED,CONSENT_REVOKED,CONSENT_REVOKED,CONSENT_REVOKED,CONSENT_REVOKED,CONSENT_REVOKED,CONSENT_REVOKED,CONSENT_REVOKED,CONSENT_REVOKED
6a14e40b72329500cfbc8ad6,69a9b65c2ff9187ae9bda652,RETURNED,Not Applicable,2026-05-26T00:06:44.823000Z,,,,,,1423,CONSENT_REVOKED,CONSENT_REVOKED,CONSENT_REVOKED,CONSENT_REVOKED,CONSENT_REVOKED,CONSENT_REVOKED,CONSENT_REVOKED,CONSENT_REVOKED,CONSENT_REVOKED
6a14e40e051534f23f9ab98a,5ed8471954fe053698f2f983,RETURNED,Not Applicable,,,,,,,3002,CONSENT_REVOKED,CONSENT_REVOKED,CONSENT_REVOKED,CONSENT_REVOKED,CONSENT_REVOKED,CONSENT_REVOKED,CONSENT_REVOKED,CONSENT_REVOKED,CONSENT_REVOKED
6a14e42c45dd69e02a5b6a69,6a073f16a1eef181e8a76922,TIMED-OUT,Not Applicable,2026-05-26T00:07:34.112000Z,,,,685349.0,,127,40,Male,Black,United Kingdom,United Kingdom,United Kingdom,English,Yes,Full-Time
6a14e4439fe084a598c93a3b,6a0724795765101e228dc3de,RETURNED,Not Applicable,2026-05-26T00:07:37.688000Z,,,,,,106,CONSENT_REVOKED,CONSENT_REVOKED,CONSENT_REVOKED,CONSENT_REVOKED,CONSENT_REVOKED,CONSENT_REVOKED,CONSENT_REVOKED,CONSENT_REVOKED,CONSENT_REVOKED
6a14e46019fae9a298e0505f,6a071d88037cfdc5d83c9594,RETURNED,Not Applicable,,,,,,,37,CONSENT_REVOKED,CONSENT_REVOKED,CONSENT_REVOKED,CONSENT_REVOKED,CONSENT_REVOKED,CONSENT_REVOKED,CONSENT_REVOKED,CONSENT_REVOKED,CONSENT_REVOKED
6a14e510eb361d69fddd9bb6,699a3a541eea5cc0e115eecc,RETURNED,Not Applicable,2026-05-26T00:10:59.763000Z,,,,,,84,CONSENT_REVOKED,CONSENT_REVOKED,CONSENT_REVOKED,CONSENT_REVOKED,CONSENT_REVOKED,CONSENT_REVOKED,CONSENT_REVOKED,CONSENT_REVOKED,CONSENT_REVOKED
6a14e655de2cd649acb97164,67105e698f7df6c2eb1b9137,RETURNED,Not Applicable,2026-05-26T00:16:21.875000Z,,,,,,3633,CONSENT_REVOKED,CONSENT_REVOKED,CONSENT_REVOKED,CONSENT_REVOKED,CONSENT_REVOKED,CONSENT_REVOKED,CONSENT_REVOKED,CONSENT_REVOKED,CONSENT_REVOKED
6a14e6c639e93cffae460f1f,663139cbb8723d403f4e7fc8,RETURNED,Not Applicable,2026-05-26T00:18:14.764000Z,,,,,,6371,CONSENT_REVOKED,CONSENT_REVOKED,CONSENT_REVOKED,CONSENT_REVOKED,CONSENT_REVOKED,CONSENT_REVOKED,CONSENT_REVOKED,CONSENT_REVOKED,CONSENT_REVOKED
6a14e738cd5aa0f6c20e277c,695ff38ddb46ec007d427ac5,TIMED-OUT,Not Applicable,2026-05-26T00:20:12.881000Z,,,,684590.0,,1996,63,Female,Black,Kenya,United States,Kenya,English,No,Part-Time
6a14ec517a10e41f61fc9711,5db4ef4a2986a3000be1f886,RETURNED,Not Applicable,2026-05-26T00:41:57.100000Z,,,,,,10958,CONSENT_REVOKED,CONSENT_REVOKED,CONSENT_REVOKED,CONSENT_REVOKED,CONSENT_REVOKED,CONSENT_REVOKED,CONSENT_REVOKED,CONSENT_REVOKED,CONSENT_REVOKED
