"view_history","rt","trial_type_label","trial_type","trial_index","time_elapsed","internal_node_id","participant_id","stimulus","response","consent_response","consent_timestamp","success","item","condition","word","word_index","too_fast","too_slow","correct_answer","correct"
"[{""page_index"":0,""viewing_time"":1341}]","1342","instructions","instructions","0","1343","0.0-0.0","2tjhzggn","","","","","","","","","","","","",""
"","1788","consent","html-button-response","1","3133","0.0-1.0","2tjhzggn","<div class=""consent-text""> <h2>Consent Agreement</h2> <p> Please read this consent agreement carefully before deciding whether to participate in this experiment. </p> <p> <strong>Description:</strong> You are invited to participate in a research study about language and language learning. The purpose of the research is to understand how people learn new words. This research will be conducted through the Prolific platform, including participants from the US, UK, and Canada. If you decide to participate in this research, you will learn and use new words. </p> <p> <strong>Time Involvement:</strong> The task will last the amount of time advertised on Prolific. You are free to withdraw from the study at any time. </p> <p> <strong>Risks and Benefits:</strong> Study data will be stored securely, in compliance with Stanford University standards, minimizing the risk of confidentiality breach. This study advances our scientific understanding of how people learn new languages. We cannot and do not guarantee or promise that you will receive any benefits from this study. </p> <p> <strong>Compensation:</strong> You will receive payment in the amount advertised on Prolific. If you do not complete this study, you will receive prorated payment based on the time that you have spent. Additionally, you may be eligible for bonus payments as described in the instructions. </p> <p> <strong>Participant's Rights:</strong> If you have read this form and have decided to participate in this project, please understand your participation is voluntary and you have the right to withdraw your consent or discontinue participation at any time without penalty or loss of benefits to which you are otherwise entitled. The alternative is not to participate. You have the right to refuse to answer particular questions. The results of this research study may be presented at scientific or professional meetings or published in scientific journals. Your individual privacy will be maintained in all published and written data resulting from the study. In accordance with scientific norms, the data from this study may be used or shared with other researchers for future research (after removing personally identifying information) without additional consent from you. </p> <p> <strong>Contact Information:</strong> If you have any questions, concerns or complaints about this research, its procedures, risks and benefits, contact the Protocol Director, Robert Hawkins (<a href=""mailto:rdhawkins@stanford.edu"">rdhawkins@stanford.edu</a>, 217-549-6923). </p> <p> <strong>Independant Contact:</strong> If you are not satisfied with how this study is being conducted, or if you have any concerns, complaints, or general questions about the research or your rights as a participant, please contact the Stanford Institutional Review Board (IRB) to speak to someone independent of the research team at 650-723-2480 or toll free at 1-866-680-2906, or email at irbnonmed@stanford.edu. You can also write to the Stanford IRB, Stanford University, 1705 El Camino Real, Palo Alto, CA 94306. Please save or print a copy of this page for your records. </p> <p> <strong>If you agree to participate in this research, please click ""I agree""</strong> </p></br> </div>","0","agree","2026-05-15T13:47:43.874Z","","","","","","","","",""
"[{""page_index"":0,""viewing_time"":1862}]","1863","instructions","instructions","2","4996","0.0-2.0","2tjhzggn","","","","","","","","","","","","",""
"","1197","","fullscreen","3","7195","0.0-3.0","2tjhzggn","","","","","true","","","","","","","",""
"","null","","html-keyboard-response","4","7698","0.0-4.0","2tjhzggn","<span class=""fixation"">+</span>","null","","","","","","","","","","",""
"","470","","html-keyboard-response","5","8168","0.0-5.0","2tjhzggn","<div class=""instruction-text""><p>Press spacebar to begin the sentence!</p></div>"," ","","","","","","","","","","",""
"","385","spr_word","html-keyboard-response","6","8555","0.0-6.0","2tjhzggn","<div class=""spr_word""><p><span class=""spr_chunk"">The</span> <span class=""spr_chunk"">hospital</span> <span class=""spr_chunk"">was</span> <span class=""spr_chunk"">usually</span> <span class=""spr_chunk"">short</span> <span class=""spr_chunk"">--------</span> <span class=""spr_chunk"">---</span> <span class=""spr_chunk"">-------</span> <span class=""spr_chunk"">--------</span> <span class=""spr_chunk"">--</span> <span class=""spr_chunk"">---</span> <span class=""spr_chunk"">--------</span> <span class=""spr_chunk"">-----</span> <span class=""spr_chunk"">---</span> <span class=""spr_chunk"">-----</span> <span class=""spr_chunk"">---------</span> <span class=""spr_chunk"">----</span> <span class=""spr_chunk"">--</span> <span class=""spr_chunk"">------</span> <span class=""spr_chunk"">----</span> <span class=""spr_chunk"">---</span> <span class=""spr_chunk"">------</span> <span class=""spr_chunk"">----</span> <span class=""spr_chunk"">----------</span> <span class=""spr_chunk"">-----</span></p></div>"," ","","","","60","filler","The hospital was usually short","0","false","false","",""
"","216","spr_word","html-keyboard-response","7","8771","0.0-7.0","2tjhzggn","<div class=""spr_word""><p><span class=""spr_chunk"">---</span> <span class=""spr_chunk"">--------</span> <span class=""spr_chunk"">---</span> <span class=""spr_chunk"">-------</span> <span class=""spr_chunk"">-----</span> <span class=""spr_chunk"">staffed.</span> <span class=""spr_chunk"">---</span> <span class=""spr_chunk"">-------</span> <span class=""spr_chunk"">--------</span> <span class=""spr_chunk"">--</span> <span class=""spr_chunk"">---</span> <span class=""spr_chunk"">--------</span> <span class=""spr_chunk"">-----</span> <span class=""spr_chunk"">---</span> <span class=""spr_chunk"">-----</span> <span class=""spr_chunk"">---------</span> <span class=""spr_chunk"">----</span> <span class=""spr_chunk"">--</span> <span class=""spr_chunk"">------</span> <span class=""spr_chunk"">----</span> <span class=""spr_chunk"">---</span> <span class=""spr_chunk"">------</span> <span class=""spr_chunk"">----</span> <span class=""spr_chunk"">----------</span> <span class=""spr_chunk"">-----</span></p></div>"," ","","","","60","filler","staffed.","1","false","false","",""
"","179","spr_word","html-keyboard-response","8","8951","0.0-8.0","2tjhzggn","<div class=""spr_word""><p><span class=""spr_chunk"">---</span> <span class=""spr_chunk"">--------</span> <span class=""spr_chunk"">---</span> <span class=""spr_chunk"">-------</span> <span class=""spr_chunk"">-----</span> <span class=""spr_chunk"">--------</span> <span class=""spr_chunk"">The</span> <span class=""spr_chunk"">elderly</span> <span class=""spr_chunk"">--------</span> <span class=""spr_chunk"">--</span> <span class=""spr_chunk"">---</span> <span class=""spr_chunk"">--------</span> <span class=""spr_chunk"">-----</span> <span class=""spr_chunk"">---</span> <span class=""spr_chunk"">-----</span> <span class=""spr_chunk"">---------</span> <span class=""spr_chunk"">----</span> <span class=""spr_chunk"">--</span> <span class=""spr_chunk"">------</span> <span class=""spr_chunk"">----</span> <span class=""spr_chunk"">---</span> <span class=""spr_chunk"">------</span> <span class=""spr_chunk"">----</span> <span class=""spr_chunk"">----------</span> <span class=""spr_chunk"">-----</span></p></div>"," ","","","","60","filler","The elderly","2","false","false","",""
"","182","spr_word","html-keyboard-response","9","9134","0.0-9.0","2tjhzggn","<div class=""spr_word""><p><span class=""spr_chunk"">---</span> <span class=""spr_chunk"">--------</span> <span class=""spr_chunk"">---</span> <span class=""spr_chunk"">-------</span> <span class=""spr_chunk"">-----</span> <span class=""spr_chunk"">--------</span> <span class=""spr_chunk"">---</span> <span class=""spr_chunk"">-------</span> <span class=""spr_chunk"">patients</span> <span class=""spr_chunk"">in</span> <span class=""spr_chunk"">---</span> <span class=""spr_chunk"">--------</span> <span class=""spr_chunk"">-----</span> <span class=""spr_chunk"">---</span> <span class=""spr_chunk"">-----</span> <span class=""spr_chunk"">---------</span> <span class=""spr_chunk"">----</span> <span class=""spr_chunk"">--</span> <span class=""spr_chunk"">------</span> <span class=""spr_chunk"">----</span> <span class=""spr_chunk"">---</span> <span class=""spr_chunk"">------</span> <span class=""spr_chunk"">----</span> <span class=""spr_chunk"">----------</span> <span class=""spr_chunk"">-----</span></p></div>"," ","","","","60","filler","patients in","3","false","false","",""
"","189","spr_word","html-keyboard-response","10","9323","0.0-10.0","2tjhzggn","<div class=""spr_word""><p><span class=""spr_chunk"">---</span> <span class=""spr_chunk"">--------</span> <span class=""spr_chunk"">---</span> <span class=""spr_chunk"">-------</span> <span class=""spr_chunk"">-----</span> <span class=""spr_chunk"">--------</span> <span class=""spr_chunk"">---</span> <span class=""spr_chunk"">-------</span> <span class=""spr_chunk"">--------</span> <span class=""spr_chunk"">--</span> <span class=""spr_chunk"">the</span> <span class=""spr_chunk"">hospital</span> <span class=""spr_chunk"">-----</span> <span class=""spr_chunk"">---</span> <span class=""spr_chunk"">-----</span> <span class=""spr_chunk"">---------</span> <span class=""spr_chunk"">----</span> <span class=""spr_chunk"">--</span> <span class=""spr_chunk"">------</span> <span class=""spr_chunk"">----</span> <span class=""spr_chunk"">---</span> <span class=""spr_chunk"">------</span> <span class=""spr_chunk"">----</span> <span class=""spr_chunk"">----------</span> <span class=""spr_chunk"">-----</span></p></div>"," ","","","","60","filler","the hospital","4","false","false","",""
"","186","spr_word","html-keyboard-response","11","9510","0.0-11.0","2tjhzggn","<div class=""spr_word""><p><span class=""spr_chunk"">---</span> <span class=""spr_chunk"">--------</span> <span class=""spr_chunk"">---</span> <span class=""spr_chunk"">-------</span> <span class=""spr_chunk"">-----</span> <span class=""spr_chunk"">--------</span> <span class=""spr_chunk"">---</span> <span class=""spr_chunk"">-------</span> <span class=""spr_chunk"">--------</span> <span class=""spr_chunk"">--</span> <span class=""spr_chunk"">---</span> <span class=""spr_chunk"">--------</span> <span class=""spr_chunk"">often</span> <span class=""spr_chunk"">---</span> <span class=""spr_chunk"">-----</span> <span class=""spr_chunk"">---------</span> <span class=""spr_chunk"">----</span> <span class=""spr_chunk"">--</span> <span class=""spr_chunk"">------</span> <span class=""spr_chunk"">----</span> <span class=""spr_chunk"">---</span> <span class=""spr_chunk"">------</span> <span class=""spr_chunk"">----</span> <span class=""spr_chunk"">----------</span> <span class=""spr_chunk"">-----</span></p></div>"," ","","","","60","filler","often","5","false","false","",""
"","181","spr_word","html-keyboard-response","12","9691","0.0-12.0","2tjhzggn","<div class=""spr_word""><p><span class=""spr_chunk"">---</span> <span class=""spr_chunk"">--------</span> <span class=""spr_chunk"">---</span> <span class=""spr_chunk"">-------</span> <span class=""spr_chunk"">-----</span> <span class=""spr_chunk"">--------</span> <span class=""spr_chunk"">---</span> <span class=""spr_chunk"">-------</span> <span class=""spr_chunk"">--------</span> <span class=""spr_chunk"">--</span> <span class=""spr_chunk"">---</span> <span class=""spr_chunk"">--------</span> <span class=""spr_chunk"">-----</span> <span class=""spr_chunk"">got</span> <span class=""spr_chunk"">quite</span> <span class=""spr_chunk"">---------</span> <span class=""spr_chunk"">----</span> <span class=""spr_chunk"">--</span> <span class=""spr_chunk"">------</span> <span class=""spr_chunk"">----</span> <span class=""spr_chunk"">---</span> <span class=""spr_chunk"">------</span> <span class=""spr_chunk"">----</span> <span class=""spr_chunk"">----------</span> <span class=""spr_chunk"">-----</span></p></div>"," ","","","","60","filler","got quite","6","false","false","",""
"","190","spr_word","html-keyboard-response","13","9882","0.0-13.0","2tjhzggn","<div class=""spr_word""><p><span class=""spr_chunk"">---</span> <span class=""spr_chunk"">--------</span> <span class=""spr_chunk"">---</span> <span class=""spr_chunk"">-------</span> <span class=""spr_chunk"">-----</span> <span class=""spr_chunk"">--------</span> <span class=""spr_chunk"">---</span> <span class=""spr_chunk"">-------</span> <span class=""spr_chunk"">--------</span> <span class=""spr_chunk"">--</span> <span class=""spr_chunk"">---</span> <span class=""spr_chunk"">--------</span> <span class=""spr_chunk"">-----</span> <span class=""spr_chunk"">---</span> <span class=""spr_chunk"">-----</span> <span class=""spr_chunk"">demanding</span> <span class=""spr_chunk"">----</span> <span class=""spr_chunk"">--</span> <span class=""spr_chunk"">------</span> <span class=""spr_chunk"">----</span> <span class=""spr_chunk"">---</span> <span class=""spr_chunk"">------</span> <span class=""spr_chunk"">----</span> <span class=""spr_chunk"">----------</span> <span class=""spr_chunk"">-----</span></p></div>"," ","","","","60","filler","demanding","7","false","false","",""
"","182","spr_word","html-keyboard-response","14","10064","0.0-14.0","2tjhzggn","<div class=""spr_word""><p><span class=""spr_chunk"">---</span> <span class=""spr_chunk"">--------</span> <span class=""spr_chunk"">---</span> <span class=""spr_chunk"">-------</span> <span class=""spr_chunk"">-----</span> <span class=""spr_chunk"">--------</span> <span class=""spr_chunk"">---</span> <span class=""spr_chunk"">-------</span> <span class=""spr_chunk"">--------</span> <span class=""spr_chunk"">--</span> <span class=""spr_chunk"">---</span> <span class=""spr_chunk"">--------</span> <span class=""spr_chunk"">-----</span> <span class=""spr_chunk"">---</span> <span class=""spr_chunk"">-----</span> <span class=""spr_chunk"">---------</span> <span class=""spr_chunk"">when</span> <span class=""spr_chunk"">it</span> <span class=""spr_chunk"">------</span> <span class=""spr_chunk"">----</span> <span class=""spr_chunk"">---</span> <span class=""spr_chunk"">------</span> <span class=""spr_chunk"">----</span> <span class=""spr_chunk"">----------</span> <span class=""spr_chunk"">-----</span></p></div>"," ","","","","60","filler","when it","8","false","false","",""
"","195","spr_word","html-keyboard-response","15","10259","0.0-15.0","2tjhzggn","<div class=""spr_word""><p><span class=""spr_chunk"">---</span> <span class=""spr_chunk"">--------</span> <span class=""spr_chunk"">---</span> <span class=""spr_chunk"">-------</span> <span class=""spr_chunk"">-----</span> <span class=""spr_chunk"">--------</span> <span class=""spr_chunk"">---</span> <span class=""spr_chunk"">-------</span> <span class=""spr_chunk"">--------</span> <span class=""spr_chunk"">--</span> <span class=""spr_chunk"">---</span> <span class=""spr_chunk"">--------</span> <span class=""spr_chunk"">-----</span> <span class=""spr_chunk"">---</span> <span class=""spr_chunk"">-----</span> <span class=""spr_chunk"">---------</span> <span class=""spr_chunk"">----</span> <span class=""spr_chunk"">--</span> <span class=""spr_chunk"">seemed</span> <span class=""spr_chunk"">that</span> <span class=""spr_chunk"">---</span> <span class=""spr_chunk"">------</span> <span class=""spr_chunk"">----</span> <span class=""spr_chunk"">----------</span> <span class=""spr_chunk"">-----</span></p></div>"," ","","","","60","filler","seemed that","9","false","false","",""
"","187","spr_word","html-keyboard-response","16","10447","0.0-16.0","2tjhzggn","<div class=""spr_word""><p><span class=""spr_chunk"">---</span> <span class=""spr_chunk"">--------</span> <span class=""spr_chunk"">---</span> <span class=""spr_chunk"">-------</span> <span class=""spr_chunk"">-----</span> <span class=""spr_chunk"">--------</span> <span class=""spr_chunk"">---</span> <span class=""spr_chunk"">-------</span> <span class=""spr_chunk"">--------</span> <span class=""spr_chunk"">--</span> <span class=""spr_chunk"">---</span> <span class=""spr_chunk"">--------</span> <span class=""spr_chunk"">-----</span> <span class=""spr_chunk"">---</span> <span class=""spr_chunk"">-----</span> <span class=""spr_chunk"">---------</span> <span class=""spr_chunk"">----</span> <span class=""spr_chunk"">--</span> <span class=""spr_chunk"">------</span> <span class=""spr_chunk"">----</span> <span class=""spr_chunk"">the</span> <span class=""spr_chunk"">nurses</span> <span class=""spr_chunk"">----</span> <span class=""spr_chunk"">----------</span> <span class=""spr_chunk"">-----</span></p></div>"," ","","","","60","filler","the nurses","10","false","false","",""
"","187","spr_word","html-keyboard-response","17","10634","0.0-17.0","2tjhzggn","<div class=""spr_word""><p><span class=""spr_chunk"">---</span> <span class=""spr_chunk"">--------</span> <span class=""spr_chunk"">---</span> <span class=""spr_chunk"">-------</span> <span class=""spr_chunk"">-----</span> <span class=""spr_chunk"">--------</span> <span class=""spr_chunk"">---</span> <span class=""spr_chunk"">-------</span> <span class=""spr_chunk"">--------</span> <span class=""spr_chunk"">--</span> <span class=""spr_chunk"">---</span> <span class=""spr_chunk"">--------</span> <span class=""spr_chunk"">-----</span> <span class=""spr_chunk"">---</span> <span class=""spr_chunk"">-----</span> <span class=""spr_chunk"">---------</span> <span class=""spr_chunk"">----</span> <span class=""spr_chunk"">--</span> <span class=""spr_chunk"">------</span> <span class=""spr_chunk"">----</span> <span class=""spr_chunk"">---</span> <span class=""spr_chunk"">------</span> <span class=""spr_chunk"">were</span> <span class=""spr_chunk"">neglecting</span> <span class=""spr_chunk"">them.</span></p></div>"," ","","","","60","filler","were neglecting them.","11","false","false","",""
"","786","comprehension","html-keyboard-response","18","11421","0.0-18.0","2tjhzggn","
          <div class=""comprehension"">
            <p>Were the elderly patients demanding?</p>
            <p style=""font-size: 18px; margin-top: 50px; color: #555;"">
              Press <strong>F</strong> for No &nbsp;&nbsp;&nbsp;&nbsp; Press <strong>J</strong> for Yes
            </p>
          </div>","f","","","","","","","","","","Yes","false"
"","null","","html-keyboard-response","19","11922","0.0-19.0","2tjhzggn","<span class=""fixation"">+</span>","null","","","","","","","","","","",""
"","341","","html-keyboard-response","20","12263","0.0-20.0","2tjhzggn","<div class=""instruction-text""><p>Press spacebar to begin the sentence!</p></div>"," ","","","","","","","","","","",""
"","178","spr_word","html-keyboard-response","21","12441","0.0-21.0","2tjhzggn","<div class=""spr_word""><p><span class=""spr_chunk"">The</span> <span class=""spr_chunk"">country</span> <span class=""spr_chunk"">club</span> <span class=""spr_chunk"">had</span> <span class=""spr_chunk"">recently</span> <span class=""spr_chunk"">raised</span> <span class=""spr_chunk"">its</span> <span class=""spr_chunk"">membership</span> <span class=""spr_chunk"">fees.</span> <span class=""spr_chunk"">---</span> <span class=""spr_chunk"">---</span> <span class=""spr_chunk"">-------</span> <span class=""spr_chunk"">--</span> <span class=""spr_chunk"">---</span> <span class=""spr_chunk"">-----</span> <span class=""spr_chunk"">-------</span> <span class=""spr_chunk"">----</span> <span class=""spr_chunk"">----</span> <span class=""spr_chunk"">---------</span> <span class=""spr_chunk"">---------</span> <span class=""spr_chunk"">----</span> <span class=""spr_chunk"">---</span> <span class=""spr_chunk"">---------</span> <span class=""spr_chunk"">----------</span> <span class=""spr_chunk"">----</span> <span class=""spr_chunk"">----</span> <span class=""spr_chunk"">--------</span></p></div>"," ","","","","57","filler","The country club had recently raised its membership fees.","0","false","false","",""
"","191","spr_word","html-keyboard-response","22","12633","0.0-22.0","2tjhzggn","<div class=""spr_word""><p><span class=""spr_chunk"">---</span> <span class=""spr_chunk"">-------</span> <span class=""spr_chunk"">----</span> <span class=""spr_chunk"">---</span> <span class=""spr_chunk"">--------</span> <span class=""spr_chunk"">------</span> <span class=""spr_chunk"">---</span> <span class=""spr_chunk"">----------</span> <span class=""spr_chunk"">-----</span> <span class=""spr_chunk"">The</span> <span class=""spr_chunk"">new</span> <span class=""spr_chunk"">-------</span> <span class=""spr_chunk"">--</span> <span class=""spr_chunk"">---</span> <span class=""spr_chunk"">-----</span> <span class=""spr_chunk"">-------</span> <span class=""spr_chunk"">----</span> <span class=""spr_chunk"">----</span> <span class=""spr_chunk"">---------</span> <span class=""spr_chunk"">---------</span> <span class=""spr_chunk"">----</span> <span class=""spr_chunk"">---</span> <span class=""spr_chunk"">---------</span> <span class=""spr_chunk"">----------</span> <span class=""spr_chunk"">----</span> <span class=""spr_chunk"">----</span> <span class=""spr_chunk"">--------</span></p></div>"," ","","","","57","filler","The new","1","false","false","",""
"","193","spr_word","html-keyboard-response","23","12826","0.0-23.0","2tjhzggn","<div class=""spr_word""><p><span class=""spr_chunk"">---</span> <span class=""spr_chunk"">-------</span> <span class=""spr_chunk"">----</span> <span class=""spr_chunk"">---</span> <span class=""spr_chunk"">--------</span> <span class=""spr_chunk"">------</span> <span class=""spr_chunk"">---</span> <span class=""spr_chunk"">----------</span> <span class=""spr_chunk"">-----</span> <span class=""spr_chunk"">---</span> <span class=""spr_chunk"">---</span> <span class=""spr_chunk"">members</span> <span class=""spr_chunk"">at</span> <span class=""spr_chunk"">---</span> <span class=""spr_chunk"">-----</span> <span class=""spr_chunk"">-------</span> <span class=""spr_chunk"">----</span> <span class=""spr_chunk"">----</span> <span class=""spr_chunk"">---------</span> <span class=""spr_chunk"">---------</span> <span class=""spr_chunk"">----</span> <span class=""spr_chunk"">---</span> <span class=""spr_chunk"">---------</span> <span class=""spr_chunk"">----------</span> <span class=""spr_chunk"">----</span> <span class=""spr_chunk"">----</span> <span class=""spr_chunk"">--------</span></p></div>"," ","","","","57","filler","members at","2","false","false","",""
"","194","spr_word","html-keyboard-response","24","13021","0.0-24.0","2tjhzggn","<div class=""spr_word""><p><span class=""spr_chunk"">---</span> <span class=""spr_chunk"">-------</span> <span class=""spr_chunk"">----</span> <span class=""spr_chunk"">---</span> <span class=""spr_chunk"">--------</span> <span class=""spr_chunk"">------</span> <span class=""spr_chunk"">---</span> <span class=""spr_chunk"">----------</span> <span class=""spr_chunk"">-----</span> <span class=""spr_chunk"">---</span> <span class=""spr_chunk"">---</span> <span class=""spr_chunk"">-------</span> <span class=""spr_chunk"">--</span> <span class=""spr_chunk"">the</span> <span class=""spr_chunk"">elite</span> <span class=""spr_chunk"">-------</span> <span class=""spr_chunk"">----</span> <span class=""spr_chunk"">----</span> <span class=""spr_chunk"">---------</span> <span class=""spr_chunk"">---------</span> <span class=""spr_chunk"">----</span> <span class=""spr_chunk"">---</span> <span class=""spr_chunk"">---------</span> <span class=""spr_chunk"">----------</span> <span class=""spr_chunk"">----</span> <span class=""spr_chunk"">----</span> <span class=""spr_chunk"">--------</span></p></div>"," ","","","","57","filler","the elite","3","false","false","",""
"","183","spr_word","html-keyboard-response","25","13204","0.0-25.0","2tjhzggn","<div class=""spr_word""><p><span class=""spr_chunk"">---</span> <span class=""spr_chunk"">-------</span> <span class=""spr_chunk"">----</span> <span class=""spr_chunk"">---</span> <span class=""spr_chunk"">--------</span> <span class=""spr_chunk"">------</span> <span class=""spr_chunk"">---</span> <span class=""spr_chunk"">----------</span> <span class=""spr_chunk"">-----</span> <span class=""spr_chunk"">---</span> <span class=""spr_chunk"">---</span> <span class=""spr_chunk"">-------</span> <span class=""spr_chunk"">--</span> <span class=""spr_chunk"">---</span> <span class=""spr_chunk"">-----</span> <span class=""spr_chunk"">country</span> <span class=""spr_chunk"">club</span> <span class=""spr_chunk"">----</span> <span class=""spr_chunk"">---------</span> <span class=""spr_chunk"">---------</span> <span class=""spr_chunk"">----</span> <span class=""spr_chunk"">---</span> <span class=""spr_chunk"">---------</span> <span class=""spr_chunk"">----------</span> <span class=""spr_chunk"">----</span> <span class=""spr_chunk"">----</span> <span class=""spr_chunk"">--------</span></p></div>"," ","","","","57","filler","country club","4","false","false","",""
"","178","spr_word","html-keyboard-response","26","13383","0.0-26.0","2tjhzggn","<div class=""spr_word""><p><span class=""spr_chunk"">---</span> <span class=""spr_chunk"">-------</span> <span class=""spr_chunk"">----</span> <span class=""spr_chunk"">---</span> <span class=""spr_chunk"">--------</span> <span class=""spr_chunk"">------</span> <span class=""spr_chunk"">---</span> <span class=""spr_chunk"">----------</span> <span class=""spr_chunk"">-----</span> <span class=""spr_chunk"">---</span> <span class=""spr_chunk"">---</span> <span class=""spr_chunk"">-------</span> <span class=""spr_chunk"">--</span> <span class=""spr_chunk"">---</span> <span class=""spr_chunk"">-----</span> <span class=""spr_chunk"">-------</span> <span class=""spr_chunk"">----</span> <span class=""spr_chunk"">were</span> <span class=""spr_chunk"">extremely</span> <span class=""spr_chunk"">---------</span> <span class=""spr_chunk"">----</span> <span class=""spr_chunk"">---</span> <span class=""spr_chunk"">---------</span> <span class=""spr_chunk"">----------</span> <span class=""spr_chunk"">----</span> <span class=""spr_chunk"">----</span> <span class=""spr_chunk"">--------</span></p></div>"," ","","","","57","filler","were extremely","5","false","false","",""
"","198","spr_word","html-keyboard-response","27","13581","0.0-27.0","2tjhzggn","<div class=""spr_word""><p><span class=""spr_chunk"">---</span> <span class=""spr_chunk"">-------</span> <span class=""spr_chunk"">----</span> <span class=""spr_chunk"">---</span> <span class=""spr_chunk"">--------</span> <span class=""spr_chunk"">------</span> <span class=""spr_chunk"">---</span> <span class=""spr_chunk"">----------</span> <span class=""spr_chunk"">-----</span> <span class=""spr_chunk"">---</span> <span class=""spr_chunk"">---</span> <span class=""spr_chunk"">-------</span> <span class=""spr_chunk"">--</span> <span class=""spr_chunk"">---</span> <span class=""spr_chunk"">-----</span> <span class=""spr_chunk"">-------</span> <span class=""spr_chunk"">----</span> <span class=""spr_chunk"">----</span> <span class=""spr_chunk"">---------</span> <span class=""spr_chunk"">surprised</span> <span class=""spr_chunk"">----</span> <span class=""spr_chunk"">---</span> <span class=""spr_chunk"">---------</span> <span class=""spr_chunk"">----------</span> <span class=""spr_chunk"">----</span> <span class=""spr_chunk"">----</span> <span class=""spr_chunk"">--------</span></p></div>"," ","","","","57","filler","surprised","6","false","false","",""
"","199","spr_word","html-keyboard-response","28","13781","0.0-28.0","2tjhzggn","<div class=""spr_word""><p><span class=""spr_chunk"">---</span> <span class=""spr_chunk"">-------</span> <span class=""spr_chunk"">----</span> <span class=""spr_chunk"">---</span> <span class=""spr_chunk"">--------</span> <span class=""spr_chunk"">------</span> <span class=""spr_chunk"">---</span> <span class=""spr_chunk"">----------</span> <span class=""spr_chunk"">-----</span> <span class=""spr_chunk"">---</span> <span class=""spr_chunk"">---</span> <span class=""spr_chunk"">-------</span> <span class=""spr_chunk"">--</span> <span class=""spr_chunk"">---</span> <span class=""spr_chunk"">-----</span> <span class=""spr_chunk"">-------</span> <span class=""spr_chunk"">----</span> <span class=""spr_chunk"">----</span> <span class=""spr_chunk"">---------</span> <span class=""spr_chunk"">---------</span> <span class=""spr_chunk"">when</span> <span class=""spr_chunk"">the</span> <span class=""spr_chunk"">---------</span> <span class=""spr_chunk"">----------</span> <span class=""spr_chunk"">----</span> <span class=""spr_chunk"">----</span> <span class=""spr_chunk"">--------</span></p></div>"," ","","","","57","filler","when the","7","false","false","",""
"","184","spr_word","html-keyboard-response","29","13965","0.0-29.0","2tjhzggn","<div class=""spr_word""><p><span class=""spr_chunk"">---</span> <span class=""spr_chunk"">-------</span> <span class=""spr_chunk"">----</span> <span class=""spr_chunk"">---</span> <span class=""spr_chunk"">--------</span> <span class=""spr_chunk"">------</span> <span class=""spr_chunk"">---</span> <span class=""spr_chunk"">----------</span> <span class=""spr_chunk"">-----</span> <span class=""spr_chunk"">---</span> <span class=""spr_chunk"">---</span> <span class=""spr_chunk"">-------</span> <span class=""spr_chunk"">--</span> <span class=""spr_chunk"">---</span> <span class=""spr_chunk"">-----</span> <span class=""spr_chunk"">-------</span> <span class=""spr_chunk"">----</span> <span class=""spr_chunk"">----</span> <span class=""spr_chunk"">---------</span> <span class=""spr_chunk"">---------</span> <span class=""spr_chunk"">----</span> <span class=""spr_chunk"">---</span> <span class=""spr_chunk"">increased</span> <span class=""spr_chunk"">----------</span> <span class=""spr_chunk"">----</span> <span class=""spr_chunk"">----</span> <span class=""spr_chunk"">--------</span></p></div>"," ","","","","57","filler","increased","8","false","false","",""
"","193","spr_word","html-keyboard-response","30","14158","0.0-30.0","2tjhzggn","<div class=""spr_word""><p><span class=""spr_chunk"">---</span> <span class=""spr_chunk"">-------</span> <span class=""spr_chunk"">----</span> <span class=""spr_chunk"">---</span> <span class=""spr_chunk"">--------</span> <span class=""spr_chunk"">------</span> <span class=""spr_chunk"">---</span> <span class=""spr_chunk"">----------</span> <span class=""spr_chunk"">-----</span> <span class=""spr_chunk"">---</span> <span class=""spr_chunk"">---</span> <span class=""spr_chunk"">-------</span> <span class=""spr_chunk"">--</span> <span class=""spr_chunk"">---</span> <span class=""spr_chunk"">-----</span> <span class=""spr_chunk"">-------</span> <span class=""spr_chunk"">----</span> <span class=""spr_chunk"">----</span> <span class=""spr_chunk"">---------</span> <span class=""spr_chunk"">---------</span> <span class=""spr_chunk"">----</span> <span class=""spr_chunk"">---</span> <span class=""spr_chunk"">---------</span> <span class=""spr_chunk"">membership</span> <span class=""spr_chunk"">fees</span> <span class=""spr_chunk"">----</span> <span class=""spr_chunk"">--------</span></p></div>"," ","","","","57","filler","membership fees","9","false","false","",""
"","208","spr_word","html-keyboard-response","31","14367","0.0-31.0","2tjhzggn","<div class=""spr_word""><p><span class=""spr_chunk"">---</span> <span class=""spr_chunk"">-------</span> <span class=""spr_chunk"">----</span> <span class=""spr_chunk"">---</span> <span class=""spr_chunk"">--------</span> <span class=""spr_chunk"">------</span> <span class=""spr_chunk"">---</span> <span class=""spr_chunk"">----------</span> <span class=""spr_chunk"">-----</span> <span class=""spr_chunk"">---</span> <span class=""spr_chunk"">---</span> <span class=""spr_chunk"">-------</span> <span class=""spr_chunk"">--</span> <span class=""spr_chunk"">---</span> <span class=""spr_chunk"">-----</span> <span class=""spr_chunk"">-------</span> <span class=""spr_chunk"">----</span> <span class=""spr_chunk"">----</span> <span class=""spr_chunk"">---------</span> <span class=""spr_chunk"">---------</span> <span class=""spr_chunk"">----</span> <span class=""spr_chunk"">---</span> <span class=""spr_chunk"">---------</span> <span class=""spr_chunk"">----------</span> <span class=""spr_chunk"">----</span> <span class=""spr_chunk"">were</span> <span class=""spr_chunk"">charged.</span></p></div>"," ","","","","57","filler","were charged.","10","false","false","",""
"","670","comprehension","html-keyboard-response","32","15037","0.0-32.0","2tjhzggn","
          <div class=""comprehension"">
            <p>Were the membership fees changed?</p>
            <p style=""font-size: 18px; margin-top: 50px; color: #555;"">
              Press <strong>F</strong> for No &nbsp;&nbsp;&nbsp;&nbsp; Press <strong>J</strong> for Yes
            </p>
          </div>","f","","","","","","","","","","Yes","false"
"","901","rest_break","html-keyboard-response","33","15939","0.0-33.0","2tjhzggn","
            <div class=""instruction-text"">
              <h2>You are halfway through the experiment!</h2>
              <p>Thank you for your time so far.</p>
              <p>Feel free to stretch and rest your eyes for a moment.</p>
              <br>
              <p>Press the <strong>SPACEBAR</strong> when you are ready to continue.</p>
            </div>"," ","","","","","","","","","","",""
"","null","","html-keyboard-response","34","16441","0.0-34.0","2tjhzggn","<span class=""fixation"">+</span>","null","","","","","","","","","","",""
"","35","","html-keyboard-response","35","16476","0.0-35.0","2tjhzggn","<div class=""instruction-text""><p>Press spacebar to begin the sentence!</p></div>"," ","","","","","","","","","","",""
"","154","spr_word","html-keyboard-response","36","16630","0.0-36.0","2tjhzggn","<div class=""spr_word""><p><span class=""spr_chunk"">As</span> <span class=""spr_chunk"">the</span> <span class=""spr_chunk"">children</span> <span class=""spr_chunk"">got</span> <span class=""spr_chunk"">older,</span> <span class=""spr_chunk"">it</span> <span class=""spr_chunk"">became</span> <span class=""spr_chunk"">harder</span> <span class=""spr_chunk"">for</span> <span class=""spr_chunk"">the</span> <span class=""spr_chunk"">whole</span> <span class=""spr_chunk"">family</span> <span class=""spr_chunk"">to</span> <span class=""spr_chunk"">schedule</span> <span class=""spr_chunk"">time</span> <span class=""spr_chunk"">off</span> <span class=""spr_chunk"">together.</span> <span class=""spr_chunk"">---</span> <span class=""spr_chunk"">-------</span> <span class=""spr_chunk"">-------</span> <span class=""spr_chunk"">---</span> <span class=""spr_chunk"">---</span> <span class=""spr_chunk"">----</span> <span class=""spr_chunk"">--</span> <span class=""spr_chunk"">--</span> <span class=""spr_chunk"">--</span> <span class=""spr_chunk"">---</span> <span class=""spr_chunk"">------</span> <span class=""spr_chunk"">-------</span> <span class=""spr_chunk"">----</span> <span class=""spr_chunk"">----</span> <span class=""spr_chunk"">---</span> <span class=""spr_chunk"">-------</span> <span class=""spr_chunk"">----</span> <span class=""spr_chunk"">----</span> <span class=""spr_chunk"">---</span> <span class=""spr_chunk"">-----</span> <span class=""spr_chunk"">-------</span> <span class=""spr_chunk"">-----</span> <span class=""spr_chunk"">---</span> <span class=""spr_chunk"">--</span> <span class=""spr_chunk"">------</span></p></div>"," ","","","","59","filler","As the children got older, it became harder for the whole family to schedule time off together.","0","false","false","",""
"","184","spr_word","html-keyboard-response","37","16815","0.0-37.0","2tjhzggn","<div class=""spr_word""><p><span class=""spr_chunk"">--</span> <span class=""spr_chunk"">---</span> <span class=""spr_chunk"">--------</span> <span class=""spr_chunk"">---</span> <span class=""spr_chunk"">------</span> <span class=""spr_chunk"">--</span> <span class=""spr_chunk"">------</span> <span class=""spr_chunk"">------</span> <span class=""spr_chunk"">---</span> <span class=""spr_chunk"">---</span> <span class=""spr_chunk"">-----</span> <span class=""spr_chunk"">------</span> <span class=""spr_chunk"">--</span> <span class=""spr_chunk"">--------</span> <span class=""spr_chunk"">----</span> <span class=""spr_chunk"">---</span> <span class=""spr_chunk"">---------</span> <span class=""spr_chunk"">The</span> <span class=""spr_chunk"">younger</span> <span class=""spr_chunk"">-------</span> <span class=""spr_chunk"">---</span> <span class=""spr_chunk"">---</span> <span class=""spr_chunk"">----</span> <span class=""spr_chunk"">--</span> <span class=""spr_chunk"">--</span> <span class=""spr_chunk"">--</span> <span class=""spr_chunk"">---</span> <span class=""spr_chunk"">------</span> <span class=""spr_chunk"">-------</span> <span class=""spr_chunk"">----</span> <span class=""spr_chunk"">----</span> <span class=""spr_chunk"">---</span> <span class=""spr_chunk"">-------</span> <span class=""spr_chunk"">----</span> <span class=""spr_chunk"">----</span> <span class=""spr_chunk"">---</span> <span class=""spr_chunk"">-----</span> <span class=""spr_chunk"">-------</span> <span class=""spr_chunk"">-----</span> <span class=""spr_chunk"">---</span> <span class=""spr_chunk"">--</span> <span class=""spr_chunk"">------</span></p></div>"," ","","","","59","filler","The younger","1","false","false","",""
"","179","spr_word","html-keyboard-response","38","16994","0.0-38.0","2tjhzggn","<div class=""spr_word""><p><span class=""spr_chunk"">--</span> <span class=""spr_chunk"">---</span> <span class=""spr_chunk"">--------</span> <span class=""spr_chunk"">---</span> <span class=""spr_chunk"">------</span> <span class=""spr_chunk"">--</span> <span class=""spr_chunk"">------</span> <span class=""spr_chunk"">------</span> <span class=""spr_chunk"">---</span> <span class=""spr_chunk"">---</span> <span class=""spr_chunk"">-----</span> <span class=""spr_chunk"">------</span> <span class=""spr_chunk"">--</span> <span class=""spr_chunk"">--------</span> <span class=""spr_chunk"">----</span> <span class=""spr_chunk"">---</span> <span class=""spr_chunk"">---------</span> <span class=""spr_chunk"">---</span> <span class=""spr_chunk"">-------</span> <span class=""spr_chunk"">cousins</span> <span class=""spr_chunk"">did</span> <span class=""spr_chunk"">---</span> <span class=""spr_chunk"">----</span> <span class=""spr_chunk"">--</span> <span class=""spr_chunk"">--</span> <span class=""spr_chunk"">--</span> <span class=""spr_chunk"">---</span> <span class=""spr_chunk"">------</span> <span class=""spr_chunk"">-------</span> <span class=""spr_chunk"">----</span> <span class=""spr_chunk"">----</span> <span class=""spr_chunk"">---</span> <span class=""spr_chunk"">-------</span> <span class=""spr_chunk"">----</span> <span class=""spr_chunk"">----</span> <span class=""spr_chunk"">---</span> <span class=""spr_chunk"">-----</span> <span class=""spr_chunk"">-------</span> <span class=""spr_chunk"">-----</span> <span class=""spr_chunk"">---</span> <span class=""spr_chunk"">--</span> <span class=""spr_chunk"">------</span></p></div>"," ","","","","59","filler","cousins did","2","false","false","",""
"","189","spr_word","html-keyboard-response","39","17183","0.0-39.0","2tjhzggn","<div class=""spr_word""><p><span class=""spr_chunk"">--</span> <span class=""spr_chunk"">---</span> <span class=""spr_chunk"">--------</span> <span class=""spr_chunk"">---</span> <span class=""spr_chunk"">------</span> <span class=""spr_chunk"">--</span> <span class=""spr_chunk"">------</span> <span class=""spr_chunk"">------</span> <span class=""spr_chunk"">---</span> <span class=""spr_chunk"">---</span> <span class=""spr_chunk"">-----</span> <span class=""spr_chunk"">------</span> <span class=""spr_chunk"">--</span> <span class=""spr_chunk"">--------</span> <span class=""spr_chunk"">----</span> <span class=""spr_chunk"">---</span> <span class=""spr_chunk"">---------</span> <span class=""spr_chunk"">---</span> <span class=""spr_chunk"">-------</span> <span class=""spr_chunk"">-------</span> <span class=""spr_chunk"">---</span> <span class=""spr_chunk"">not</span> <span class=""spr_chunk"">want</span> <span class=""spr_chunk"">--</span> <span class=""spr_chunk"">--</span> <span class=""spr_chunk"">--</span> <span class=""spr_chunk"">---</span> <span class=""spr_chunk"">------</span> <span class=""spr_chunk"">-------</span> <span class=""spr_chunk"">----</span> <span class=""spr_chunk"">----</span> <span class=""spr_chunk"">---</span> <span class=""spr_chunk"">-------</span> <span class=""spr_chunk"">----</span> <span class=""spr_chunk"">----</span> <span class=""spr_chunk"">---</span> <span class=""spr_chunk"">-----</span> <span class=""spr_chunk"">-------</span> <span class=""spr_chunk"">-----</span> <span class=""spr_chunk"">---</span> <span class=""spr_chunk"">--</span> <span class=""spr_chunk"">------</span></p></div>"," ","","","","59","filler","not want","3","false","false","",""
"","191","spr_word","html-keyboard-response","40","17375","0.0-40.0","2tjhzggn","<div class=""spr_word""><p><span class=""spr_chunk"">--</span> <span class=""spr_chunk"">---</span> <span class=""spr_chunk"">--------</span> <span class=""spr_chunk"">---</span> <span class=""spr_chunk"">------</span> <span class=""spr_chunk"">--</span> <span class=""spr_chunk"">------</span> <span class=""spr_chunk"">------</span> <span class=""spr_chunk"">---</span> <span class=""spr_chunk"">---</span> <span class=""spr_chunk"">-----</span> <span class=""spr_chunk"">------</span> <span class=""spr_chunk"">--</span> <span class=""spr_chunk"">--------</span> <span class=""spr_chunk"">----</span> <span class=""spr_chunk"">---</span> <span class=""spr_chunk"">---------</span> <span class=""spr_chunk"">---</span> <span class=""spr_chunk"">-------</span> <span class=""spr_chunk"">-------</span> <span class=""spr_chunk"">---</span> <span class=""spr_chunk"">---</span> <span class=""spr_chunk"">----</span> <span class=""spr_chunk"">to</span> <span class=""spr_chunk"">go</span> <span class=""spr_chunk"">on</span> <span class=""spr_chunk"">---</span> <span class=""spr_chunk"">------</span> <span class=""spr_chunk"">-------</span> <span class=""spr_chunk"">----</span> <span class=""spr_chunk"">----</span> <span class=""spr_chunk"">---</span> <span class=""spr_chunk"">-------</span> <span class=""spr_chunk"">----</span> <span class=""spr_chunk"">----</span> <span class=""spr_chunk"">---</span> <span class=""spr_chunk"">-----</span> <span class=""spr_chunk"">-------</span> <span class=""spr_chunk"">-----</span> <span class=""spr_chunk"">---</span> <span class=""spr_chunk"">--</span> <span class=""spr_chunk"">------</span></p></div>"," ","","","","59","filler","to go on","4","false","false","",""
"","182","spr_word","html-keyboard-response","41","17558","0.0-41.0","2tjhzggn","<div class=""spr_word""><p><span class=""spr_chunk"">--</span> <span class=""spr_chunk"">---</span> <span class=""spr_chunk"">--------</span> <span class=""spr_chunk"">---</span> <span class=""spr_chunk"">------</span> <span class=""spr_chunk"">--</span> <span class=""spr_chunk"">------</span> <span class=""spr_chunk"">------</span> <span class=""spr_chunk"">---</span> <span class=""spr_chunk"">---</span> <span class=""spr_chunk"">-----</span> <span class=""spr_chunk"">------</span> <span class=""spr_chunk"">--</span> <span class=""spr_chunk"">--------</span> <span class=""spr_chunk"">----</span> <span class=""spr_chunk"">---</span> <span class=""spr_chunk"">---------</span> <span class=""spr_chunk"">---</span> <span class=""spr_chunk"">-------</span> <span class=""spr_chunk"">-------</span> <span class=""spr_chunk"">---</span> <span class=""spr_chunk"">---</span> <span class=""spr_chunk"">----</span> <span class=""spr_chunk"">--</span> <span class=""spr_chunk"">--</span> <span class=""spr_chunk"">--</span> <span class=""spr_chunk"">the</span> <span class=""spr_chunk"">family</span> <span class=""spr_chunk"">-------</span> <span class=""spr_chunk"">----</span> <span class=""spr_chunk"">----</span> <span class=""spr_chunk"">---</span> <span class=""spr_chunk"">-------</span> <span class=""spr_chunk"">----</span> <span class=""spr_chunk"">----</span> <span class=""spr_chunk"">---</span> <span class=""spr_chunk"">-----</span> <span class=""spr_chunk"">-------</span> <span class=""spr_chunk"">-----</span> <span class=""spr_chunk"">---</span> <span class=""spr_chunk"">--</span> <span class=""spr_chunk"">------</span></p></div>"," ","","","","59","filler","the family","5","false","false","",""
"","202","spr_word","html-keyboard-response","42","17760","0.0-42.0","2tjhzggn","<div class=""spr_word""><p><span class=""spr_chunk"">--</span> <span class=""spr_chunk"">---</span> <span class=""spr_chunk"">--------</span> <span class=""spr_chunk"">---</span> <span class=""spr_chunk"">------</span> <span class=""spr_chunk"">--</span> <span class=""spr_chunk"">------</span> <span class=""spr_chunk"">------</span> <span class=""spr_chunk"">---</span> <span class=""spr_chunk"">---</span> <span class=""spr_chunk"">-----</span> <span class=""spr_chunk"">------</span> <span class=""spr_chunk"">--</span> <span class=""spr_chunk"">--------</span> <span class=""spr_chunk"">----</span> <span class=""spr_chunk"">---</span> <span class=""spr_chunk"">---------</span> <span class=""spr_chunk"">---</span> <span class=""spr_chunk"">-------</span> <span class=""spr_chunk"">-------</span> <span class=""spr_chunk"">---</span> <span class=""spr_chunk"">---</span> <span class=""spr_chunk"">----</span> <span class=""spr_chunk"">--</span> <span class=""spr_chunk"">--</span> <span class=""spr_chunk"">--</span> <span class=""spr_chunk"">---</span> <span class=""spr_chunk"">------</span> <span class=""spr_chunk"">camping</span> <span class=""spr_chunk"">trip</span> <span class=""spr_chunk"">----</span> <span class=""spr_chunk"">---</span> <span class=""spr_chunk"">-------</span> <span class=""spr_chunk"">----</span> <span class=""spr_chunk"">----</span> <span class=""spr_chunk"">---</span> <span class=""spr_chunk"">-----</span> <span class=""spr_chunk"">-------</span> <span class=""spr_chunk"">-----</span> <span class=""spr_chunk"">---</span> <span class=""spr_chunk"">--</span> <span class=""spr_chunk"">------</span></p></div>"," ","","","","59","filler","camping trip","6","false","false","",""
"","179","spr_word","html-keyboard-response","43","17940","0.0-43.0","2tjhzggn","<div class=""spr_word""><p><span class=""spr_chunk"">--</span> <span class=""spr_chunk"">---</span> <span class=""spr_chunk"">--------</span> <span class=""spr_chunk"">---</span> <span class=""spr_chunk"">------</span> <span class=""spr_chunk"">--</span> <span class=""spr_chunk"">------</span> <span class=""spr_chunk"">------</span> <span class=""spr_chunk"">---</span> <span class=""spr_chunk"">---</span> <span class=""spr_chunk"">-----</span> <span class=""spr_chunk"">------</span> <span class=""spr_chunk"">--</span> <span class=""spr_chunk"">--------</span> <span class=""spr_chunk"">----</span> <span class=""spr_chunk"">---</span> <span class=""spr_chunk"">---------</span> <span class=""spr_chunk"">---</span> <span class=""spr_chunk"">-------</span> <span class=""spr_chunk"">-------</span> <span class=""spr_chunk"">---</span> <span class=""spr_chunk"">---</span> <span class=""spr_chunk"">----</span> <span class=""spr_chunk"">--</span> <span class=""spr_chunk"">--</span> <span class=""spr_chunk"">--</span> <span class=""spr_chunk"">---</span> <span class=""spr_chunk"">------</span> <span class=""spr_chunk"">-------</span> <span class=""spr_chunk"">----</span> <span class=""spr_chunk"">when</span> <span class=""spr_chunk"">the</span> <span class=""spr_chunk"">-------</span> <span class=""spr_chunk"">----</span> <span class=""spr_chunk"">----</span> <span class=""spr_chunk"">---</span> <span class=""spr_chunk"">-----</span> <span class=""spr_chunk"">-------</span> <span class=""spr_chunk"">-----</span> <span class=""spr_chunk"">---</span> <span class=""spr_chunk"">--</span> <span class=""spr_chunk"">------</span></p></div>"," ","","","","59","filler","when the","7","false","false","",""
"","198","spr_word","html-keyboard-response","44","18138","0.0-44.0","2tjhzggn","<div class=""spr_word""><p><span class=""spr_chunk"">--</span> <span class=""spr_chunk"">---</span> <span class=""spr_chunk"">--------</span> <span class=""spr_chunk"">---</span> <span class=""spr_chunk"">------</span> <span class=""spr_chunk"">--</span> <span class=""spr_chunk"">------</span> <span class=""spr_chunk"">------</span> <span class=""spr_chunk"">---</span> <span class=""spr_chunk"">---</span> <span class=""spr_chunk"">-----</span> <span class=""spr_chunk"">------</span> <span class=""spr_chunk"">--</span> <span class=""spr_chunk"">--------</span> <span class=""spr_chunk"">----</span> <span class=""spr_chunk"">---</span> <span class=""spr_chunk"">---------</span> <span class=""spr_chunk"">---</span> <span class=""spr_chunk"">-------</span> <span class=""spr_chunk"">-------</span> <span class=""spr_chunk"">---</span> <span class=""spr_chunk"">---</span> <span class=""spr_chunk"">----</span> <span class=""spr_chunk"">--</span> <span class=""spr_chunk"">--</span> <span class=""spr_chunk"">--</span> <span class=""spr_chunk"">---</span> <span class=""spr_chunk"">------</span> <span class=""spr_chunk"">-------</span> <span class=""spr_chunk"">----</span> <span class=""spr_chunk"">----</span> <span class=""spr_chunk"">---</span> <span class=""spr_chunk"">parents</span> <span class=""spr_chunk"">said</span> <span class=""spr_chunk"">that</span> <span class=""spr_chunk"">---</span> <span class=""spr_chunk"">-----</span> <span class=""spr_chunk"">-------</span> <span class=""spr_chunk"">-----</span> <span class=""spr_chunk"">---</span> <span class=""spr_chunk"">--</span> <span class=""spr_chunk"">------</span></p></div>"," ","","","","59","filler","parents said that","8","false","false","",""
"","190","spr_word","html-keyboard-response","45","18328","0.0-45.0","2tjhzggn","<div class=""spr_word""><p><span class=""spr_chunk"">--</span> <span class=""spr_chunk"">---</span> <span class=""spr_chunk"">--------</span> <span class=""spr_chunk"">---</span> <span class=""spr_chunk"">------</span> <span class=""spr_chunk"">--</span> <span class=""spr_chunk"">------</span> <span class=""spr_chunk"">------</span> <span class=""spr_chunk"">---</span> <span class=""spr_chunk"">---</span> <span class=""spr_chunk"">-----</span> <span class=""spr_chunk"">------</span> <span class=""spr_chunk"">--</span> <span class=""spr_chunk"">--------</span> <span class=""spr_chunk"">----</span> <span class=""spr_chunk"">---</span> <span class=""spr_chunk"">---------</span> <span class=""spr_chunk"">---</span> <span class=""spr_chunk"">-------</span> <span class=""spr_chunk"">-------</span> <span class=""spr_chunk"">---</span> <span class=""spr_chunk"">---</span> <span class=""spr_chunk"">----</span> <span class=""spr_chunk"">--</span> <span class=""spr_chunk"">--</span> <span class=""spr_chunk"">--</span> <span class=""spr_chunk"">---</span> <span class=""spr_chunk"">------</span> <span class=""spr_chunk"">-------</span> <span class=""spr_chunk"">----</span> <span class=""spr_chunk"">----</span> <span class=""spr_chunk"">---</span> <span class=""spr_chunk"">-------</span> <span class=""spr_chunk"">----</span> <span class=""spr_chunk"">----</span> <span class=""spr_chunk"">the</span> <span class=""spr_chunk"">older</span> <span class=""spr_chunk"">cousins</span> <span class=""spr_chunk"">-----</span> <span class=""spr_chunk"">---</span> <span class=""spr_chunk"">--</span> <span class=""spr_chunk"">------</span></p></div>"," ","","","","59","filler","the older cousins","9","false","false","",""
"","191","spr_word","html-keyboard-response","46","18520","0.0-46.0","2tjhzggn","<div class=""spr_word""><p><span class=""spr_chunk"">--</span> <span class=""spr_chunk"">---</span> <span class=""spr_chunk"">--------</span> <span class=""spr_chunk"">---</span> <span class=""spr_chunk"">------</span> <span class=""spr_chunk"">--</span> <span class=""spr_chunk"">------</span> <span class=""spr_chunk"">------</span> <span class=""spr_chunk"">---</span> <span class=""spr_chunk"">---</span> <span class=""spr_chunk"">-----</span> <span class=""spr_chunk"">------</span> <span class=""spr_chunk"">--</span> <span class=""spr_chunk"">--------</span> <span class=""spr_chunk"">----</span> <span class=""spr_chunk"">---</span> <span class=""spr_chunk"">---------</span> <span class=""spr_chunk"">---</span> <span class=""spr_chunk"">-------</span> <span class=""spr_chunk"">-------</span> <span class=""spr_chunk"">---</span> <span class=""spr_chunk"">---</span> <span class=""spr_chunk"">----</span> <span class=""spr_chunk"">--</span> <span class=""spr_chunk"">--</span> <span class=""spr_chunk"">--</span> <span class=""spr_chunk"">---</span> <span class=""spr_chunk"">------</span> <span class=""spr_chunk"">-------</span> <span class=""spr_chunk"">----</span> <span class=""spr_chunk"">----</span> <span class=""spr_chunk"">---</span> <span class=""spr_chunk"">-------</span> <span class=""spr_chunk"">----</span> <span class=""spr_chunk"">----</span> <span class=""spr_chunk"">---</span> <span class=""spr_chunk"">-----</span> <span class=""spr_chunk"">-------</span> <span class=""spr_chunk"">would</span> <span class=""spr_chunk"">not</span> <span class=""spr_chunk"">be</span> <span class=""spr_chunk"">there.</span></p></div>"," ","","","","59","filler","would not be there.","10","false","false","",""
"","686","comprehension","html-keyboard-response","47","19206","0.0-47.0","2tjhzggn","
          <div class=""comprehension"">
            <p>Would the older cousins be at the family camping trip?</p>
            <p style=""font-size: 18px; margin-top: 50px; color: #555;"">
              Press <strong>F</strong> for No &nbsp;&nbsp;&nbsp;&nbsp; Press <strong>J</strong> for Yes
            </p>
          </div>","f","","","","","","","","","","No","true"
"","null","","html-keyboard-response","48","19708","0.0-48.0","2tjhzggn","<span class=""fixation"">+</span>","null","","","","","","","","","","",""
"","433","","html-keyboard-response","49","20141","0.0-49.0","2tjhzggn","<div class=""instruction-text""><p>Press spacebar to begin the sentence!</p></div>"," ","","","","","","","","","","",""
"","199","spr_word","html-keyboard-response","50","20340","0.0-50.0","2tjhzggn","<div class=""spr_word""><p><span class=""spr_chunk"">The</span> <span class=""spr_chunk"">class</span> <span class=""spr_chunk"">seemed</span> <span class=""spr_chunk"">to</span> <span class=""spr_chunk"">always</span> <span class=""spr_chunk"">get</span> <span class=""spr_chunk"">unruly</span> <span class=""spr_chunk"">in</span> <span class=""spr_chunk"">the</span> <span class=""spr_chunk"">late</span> <span class=""spr_chunk"">afternoon.</span> <span class=""spr_chunk"">---</span> <span class=""spr_chunk"">--------</span> <span class=""spr_chunk"">------</span> <span class=""spr_chunk"">--</span> <span class=""spr_chunk"">---</span> <span class=""spr_chunk"">---------</span> <span class=""spr_chunk"">---</span> <span class=""spr_chunk"">-------</span> <span class=""spr_chunk"">--------</span> <span class=""spr_chunk"">--</span> <span class=""spr_chunk"">------</span> <span class=""spr_chunk"">----</span> <span class=""spr_chunk"">----</span> <span class=""spr_chunk"">---</span> <span class=""spr_chunk"">-----</span> <span class=""spr_chunk"">-------</span> <span class=""spr_chunk"">----</span> <span class=""spr_chunk"">--</span> <span class=""spr_chunk"">---------</span> <span class=""spr_chunk"">-------</span></p></div>"," ","","","","58","filler","The class seemed to always get unruly in the late afternoon.","0","false","false","",""
"","191","spr_word","html-keyboard-response","51","20531","0.0-51.0","2tjhzggn","<div class=""spr_word""><p><span class=""spr_chunk"">---</span> <span class=""spr_chunk"">-----</span> <span class=""spr_chunk"">------</span> <span class=""spr_chunk"">--</span> <span class=""spr_chunk"">------</span> <span class=""spr_chunk"">---</span> <span class=""spr_chunk"">------</span> <span class=""spr_chunk"">--</span> <span class=""spr_chunk"">---</span> <span class=""spr_chunk"">----</span> <span class=""spr_chunk"">----------</span> <span class=""spr_chunk"">The</span> <span class=""spr_chunk"">smartest</span> <span class=""spr_chunk"">------</span> <span class=""spr_chunk"">--</span> <span class=""spr_chunk"">---</span> <span class=""spr_chunk"">---------</span> <span class=""spr_chunk"">---</span> <span class=""spr_chunk"">-------</span> <span class=""spr_chunk"">--------</span> <span class=""spr_chunk"">--</span> <span class=""spr_chunk"">------</span> <span class=""spr_chunk"">----</span> <span class=""spr_chunk"">----</span> <span class=""spr_chunk"">---</span> <span class=""spr_chunk"">-----</span> <span class=""spr_chunk"">-------</span> <span class=""spr_chunk"">----</span> <span class=""spr_chunk"">--</span> <span class=""spr_chunk"">---------</span> <span class=""spr_chunk"">-------</span></p></div>"," ","","","","58","filler","The smartest","1","false","false","",""
"","201","spr_word","html-keyboard-response","52","20732","0.0-52.0","2tjhzggn","<div class=""spr_word""><p><span class=""spr_chunk"">---</span> <span class=""spr_chunk"">-----</span> <span class=""spr_chunk"">------</span> <span class=""spr_chunk"">--</span> <span class=""spr_chunk"">------</span> <span class=""spr_chunk"">---</span> <span class=""spr_chunk"">------</span> <span class=""spr_chunk"">--</span> <span class=""spr_chunk"">---</span> <span class=""spr_chunk"">----</span> <span class=""spr_chunk"">----------</span> <span class=""spr_chunk"">---</span> <span class=""spr_chunk"">--------</span> <span class=""spr_chunk"">pupils</span> <span class=""spr_chunk"">in</span> <span class=""spr_chunk"">---</span> <span class=""spr_chunk"">---------</span> <span class=""spr_chunk"">---</span> <span class=""spr_chunk"">-------</span> <span class=""spr_chunk"">--------</span> <span class=""spr_chunk"">--</span> <span class=""spr_chunk"">------</span> <span class=""spr_chunk"">----</span> <span class=""spr_chunk"">----</span> <span class=""spr_chunk"">---</span> <span class=""spr_chunk"">-----</span> <span class=""spr_chunk"">-------</span> <span class=""spr_chunk"">----</span> <span class=""spr_chunk"">--</span> <span class=""spr_chunk"">---------</span> <span class=""spr_chunk"">-------</span></p></div>"," ","","","","58","filler","pupils in","2","false","false","",""
"","193","spr_word","html-keyboard-response","53","20926","0.0-53.0","2tjhzggn","<div class=""spr_word""><p><span class=""spr_chunk"">---</span> <span class=""spr_chunk"">-----</span> <span class=""spr_chunk"">------</span> <span class=""spr_chunk"">--</span> <span class=""spr_chunk"">------</span> <span class=""spr_chunk"">---</span> <span class=""spr_chunk"">------</span> <span class=""spr_chunk"">--</span> <span class=""spr_chunk"">---</span> <span class=""spr_chunk"">----</span> <span class=""spr_chunk"">----------</span> <span class=""spr_chunk"">---</span> <span class=""spr_chunk"">--------</span> <span class=""spr_chunk"">------</span> <span class=""spr_chunk"">--</span> <span class=""spr_chunk"">the</span> <span class=""spr_chunk"">classroom</span> <span class=""spr_chunk"">---</span> <span class=""spr_chunk"">-------</span> <span class=""spr_chunk"">--------</span> <span class=""spr_chunk"">--</span> <span class=""spr_chunk"">------</span> <span class=""spr_chunk"">----</span> <span class=""spr_chunk"">----</span> <span class=""spr_chunk"">---</span> <span class=""spr_chunk"">-----</span> <span class=""spr_chunk"">-------</span> <span class=""spr_chunk"">----</span> <span class=""spr_chunk"">--</span> <span class=""spr_chunk"">---------</span> <span class=""spr_chunk"">-------</span></p></div>"," ","","","","58","filler","the classroom","3","false","false","",""
"","185","spr_word","html-keyboard-response","54","21111","0.0-54.0","2tjhzggn","<div class=""spr_word""><p><span class=""spr_chunk"">---</span> <span class=""spr_chunk"">-----</span> <span class=""spr_chunk"">------</span> <span class=""spr_chunk"">--</span> <span class=""spr_chunk"">------</span> <span class=""spr_chunk"">---</span> <span class=""spr_chunk"">------</span> <span class=""spr_chunk"">--</span> <span class=""spr_chunk"">---</span> <span class=""spr_chunk"">----</span> <span class=""spr_chunk"">----------</span> <span class=""spr_chunk"">---</span> <span class=""spr_chunk"">--------</span> <span class=""spr_chunk"">------</span> <span class=""spr_chunk"">--</span> <span class=""spr_chunk"">---</span> <span class=""spr_chunk"">---------</span> <span class=""spr_chunk"">had</span> <span class=""spr_chunk"">trouble</span> <span class=""spr_chunk"">--------</span> <span class=""spr_chunk"">--</span> <span class=""spr_chunk"">------</span> <span class=""spr_chunk"">----</span> <span class=""spr_chunk"">----</span> <span class=""spr_chunk"">---</span> <span class=""spr_chunk"">-----</span> <span class=""spr_chunk"">-------</span> <span class=""spr_chunk"">----</span> <span class=""spr_chunk"">--</span> <span class=""spr_chunk"">---------</span> <span class=""spr_chunk"">-------</span></p></div>"," ","","","","58","filler","had trouble","4","false","false","",""
"","180","spr_word","html-keyboard-response","55","21292","0.0-55.0","2tjhzggn","<div class=""spr_word""><p><span class=""spr_chunk"">---</span> <span class=""spr_chunk"">-----</span> <span class=""spr_chunk"">------</span> <span class=""spr_chunk"">--</span> <span class=""spr_chunk"">------</span> <span class=""spr_chunk"">---</span> <span class=""spr_chunk"">------</span> <span class=""spr_chunk"">--</span> <span class=""spr_chunk"">---</span> <span class=""spr_chunk"">----</span> <span class=""spr_chunk"">----------</span> <span class=""spr_chunk"">---</span> <span class=""spr_chunk"">--------</span> <span class=""spr_chunk"">------</span> <span class=""spr_chunk"">--</span> <span class=""spr_chunk"">---</span> <span class=""spr_chunk"">---------</span> <span class=""spr_chunk"">---</span> <span class=""spr_chunk"">-------</span> <span class=""spr_chunk"">focusing</span> <span class=""spr_chunk"">on</span> <span class=""spr_chunk"">------</span> <span class=""spr_chunk"">----</span> <span class=""spr_chunk"">----</span> <span class=""spr_chunk"">---</span> <span class=""spr_chunk"">-----</span> <span class=""spr_chunk"">-------</span> <span class=""spr_chunk"">----</span> <span class=""spr_chunk"">--</span> <span class=""spr_chunk"">---------</span> <span class=""spr_chunk"">-------</span></p></div>"," ","","","","58","filler","focusing on","5","false","false","",""
"","183","spr_word","html-keyboard-response","56","21475","0.0-56.0","2tjhzggn","<div class=""spr_word""><p><span class=""spr_chunk"">---</span> <span class=""spr_chunk"">-----</span> <span class=""spr_chunk"">------</span> <span class=""spr_chunk"">--</span> <span class=""spr_chunk"">------</span> <span class=""spr_chunk"">---</span> <span class=""spr_chunk"">------</span> <span class=""spr_chunk"">--</span> <span class=""spr_chunk"">---</span> <span class=""spr_chunk"">----</span> <span class=""spr_chunk"">----------</span> <span class=""spr_chunk"">---</span> <span class=""spr_chunk"">--------</span> <span class=""spr_chunk"">------</span> <span class=""spr_chunk"">--</span> <span class=""spr_chunk"">---</span> <span class=""spr_chunk"">---------</span> <span class=""spr_chunk"">---</span> <span class=""spr_chunk"">-------</span> <span class=""spr_chunk"">--------</span> <span class=""spr_chunk"">--</span> <span class=""spr_chunk"">school</span> <span class=""spr_chunk"">work</span> <span class=""spr_chunk"">----</span> <span class=""spr_chunk"">---</span> <span class=""spr_chunk"">-----</span> <span class=""spr_chunk"">-------</span> <span class=""spr_chunk"">----</span> <span class=""spr_chunk"">--</span> <span class=""spr_chunk"">---------</span> <span class=""spr_chunk"">-------</span></p></div>"," ","","","","58","filler","school work","6","false","false","",""
"","189","spr_word","html-keyboard-response","57","21664","0.0-57.0","2tjhzggn","<div class=""spr_word""><p><span class=""spr_chunk"">---</span> <span class=""spr_chunk"">-----</span> <span class=""spr_chunk"">------</span> <span class=""spr_chunk"">--</span> <span class=""spr_chunk"">------</span> <span class=""spr_chunk"">---</span> <span class=""spr_chunk"">------</span> <span class=""spr_chunk"">--</span> <span class=""spr_chunk"">---</span> <span class=""spr_chunk"">----</span> <span class=""spr_chunk"">----------</span> <span class=""spr_chunk"">---</span> <span class=""spr_chunk"">--------</span> <span class=""spr_chunk"">------</span> <span class=""spr_chunk"">--</span> <span class=""spr_chunk"">---</span> <span class=""spr_chunk"">---------</span> <span class=""spr_chunk"">---</span> <span class=""spr_chunk"">-------</span> <span class=""spr_chunk"">--------</span> <span class=""spr_chunk"">--</span> <span class=""spr_chunk"">------</span> <span class=""spr_chunk"">----</span> <span class=""spr_chunk"">when</span> <span class=""spr_chunk"">the</span> <span class=""spr_chunk"">-----</span> <span class=""spr_chunk"">-------</span> <span class=""spr_chunk"">----</span> <span class=""spr_chunk"">--</span> <span class=""spr_chunk"">---------</span> <span class=""spr_chunk"">-------</span></p></div>"," ","","","","58","filler","when the","7","false","false","",""
"","179","spr_word","html-keyboard-response","58","21843","0.0-58.0","2tjhzggn","<div class=""spr_word""><p><span class=""spr_chunk"">---</span> <span class=""spr_chunk"">-----</span> <span class=""spr_chunk"">------</span> <span class=""spr_chunk"">--</span> <span class=""spr_chunk"">------</span> <span class=""spr_chunk"">---</span> <span class=""spr_chunk"">------</span> <span class=""spr_chunk"">--</span> <span class=""spr_chunk"">---</span> <span class=""spr_chunk"">----</span> <span class=""spr_chunk"">----------</span> <span class=""spr_chunk"">---</span> <span class=""spr_chunk"">--------</span> <span class=""spr_chunk"">------</span> <span class=""spr_chunk"">--</span> <span class=""spr_chunk"">---</span> <span class=""spr_chunk"">---------</span> <span class=""spr_chunk"">---</span> <span class=""spr_chunk"">-------</span> <span class=""spr_chunk"">--------</span> <span class=""spr_chunk"">--</span> <span class=""spr_chunk"">------</span> <span class=""spr_chunk"">----</span> <span class=""spr_chunk"">----</span> <span class=""spr_chunk"">---</span> <span class=""spr_chunk"">other</span> <span class=""spr_chunk"">classes</span> <span class=""spr_chunk"">----</span> <span class=""spr_chunk"">--</span> <span class=""spr_chunk"">---------</span> <span class=""spr_chunk"">-------</span></p></div>"," ","","","","58","filler","other classes","8","false","false","",""
"","219","spr_word","html-keyboard-response","59","22062","0.0-59.0","2tjhzggn","<div class=""spr_word""><p><span class=""spr_chunk"">---</span> <span class=""spr_chunk"">-----</span> <span class=""spr_chunk"">------</span> <span class=""spr_chunk"">--</span> <span class=""spr_chunk"">------</span> <span class=""spr_chunk"">---</span> <span class=""spr_chunk"">------</span> <span class=""spr_chunk"">--</span> <span class=""spr_chunk"">---</span> <span class=""spr_chunk"">----</span> <span class=""spr_chunk"">----------</span> <span class=""spr_chunk"">---</span> <span class=""spr_chunk"">--------</span> <span class=""spr_chunk"">------</span> <span class=""spr_chunk"">--</span> <span class=""spr_chunk"">---</span> <span class=""spr_chunk"">---------</span> <span class=""spr_chunk"">---</span> <span class=""spr_chunk"">-------</span> <span class=""spr_chunk"">--------</span> <span class=""spr_chunk"">--</span> <span class=""spr_chunk"">------</span> <span class=""spr_chunk"">----</span> <span class=""spr_chunk"">----</span> <span class=""spr_chunk"">---</span> <span class=""spr_chunk"">-----</span> <span class=""spr_chunk"">-------</span> <span class=""spr_chunk"">were</span> <span class=""spr_chunk"">on</span> <span class=""spr_chunk"">---------</span> <span class=""spr_chunk"">-------</span></p></div>"," ","","","","58","filler","were on","9","false","false","",""
"","190","spr_word","html-keyboard-response","60","22253","0.0-60.0","2tjhzggn","<div class=""spr_word""><p><span class=""spr_chunk"">---</span> <span class=""spr_chunk"">-----</span> <span class=""spr_chunk"">------</span> <span class=""spr_chunk"">--</span> <span class=""spr_chunk"">------</span> <span class=""spr_chunk"">---</span> <span class=""spr_chunk"">------</span> <span class=""spr_chunk"">--</span> <span class=""spr_chunk"">---</span> <span class=""spr_chunk"">----</span> <span class=""spr_chunk"">----------</span> <span class=""spr_chunk"">---</span> <span class=""spr_chunk"">--------</span> <span class=""spr_chunk"">------</span> <span class=""spr_chunk"">--</span> <span class=""spr_chunk"">---</span> <span class=""spr_chunk"">---------</span> <span class=""spr_chunk"">---</span> <span class=""spr_chunk"">-------</span> <span class=""spr_chunk"">--------</span> <span class=""spr_chunk"">--</span> <span class=""spr_chunk"">------</span> <span class=""spr_chunk"">----</span> <span class=""spr_chunk"">----</span> <span class=""spr_chunk"">---</span> <span class=""spr_chunk"">-----</span> <span class=""spr_chunk"">-------</span> <span class=""spr_chunk"">----</span> <span class=""spr_chunk"">--</span> <span class=""spr_chunk"">afternoon</span> <span class=""spr_chunk"">recess.</span></p></div>"," ","","","","58","filler","afternoon recess.","10","false","false","",""
"","652","comprehension","html-keyboard-response","61","22905","0.0-61.0","2tjhzggn","
          <div class=""comprehension"">
            <p>Did the smartest students stay focused?</p>
            <p style=""font-size: 18px; margin-top: 50px; color: #555;"">
              Press <strong>F</strong> for No &nbsp;&nbsp;&nbsp;&nbsp; Press <strong>J</strong> for Yes
            </p>
          </div>","f","","","","","","","","","","No","true"
