"view_history","rt","trial_type_label","trial_type","trial_index","time_elapsed","internal_node_id","participant_id","stimulus","response","item","condition","word","word_index","word_count","too_fast","too_slow","correct_answer","correct"
"[{""page_index"":0,""viewing_time"":1150}]","1150","instructions","instructions","0","1151","0.0-0.0","aev203bp","","","","","","","","","","",""
"","null","","html-keyboard-response","1","1653","0.0-1.0","aev203bp","<span class=""fixation"">+</span>","null","","","","","","","","",""
"","444","","html-keyboard-response","2","2097","0.0-2.0","aev203bp","<div class""instruction-text><p>Press spacebar to begin the sentence!</p></div>"," ","","","","","","","","",""
"","456","spr_word","html-keyboard-response","3","2554","0.0-3.0","aev203bp","<div class=""spr_word""><p>John --- -------- ----- -- --- ---------- ----- ------- --- ---- --- ------- --------- ---- --- ------ -------- -- ------- ----- ------- -- --------- --------</p></div>"," ","1","filler","John","0","25","false","false","",""
"","161","spr_word","html-keyboard-response","4","2716","0.0-5.0","aev203bp","<div class=""spr_word""><p>---- was -------- ----- -- --- ---------- ----- ------- --- ---- --- ------- --------- ---- --- ------ -------- -- ------- ----- ------- -- --------- --------</p></div>"," ","1","filler","was","1","25","false","false","",""
"","170","spr_word","html-keyboard-response","5","2886","0.0-7.0","aev203bp","<div class=""spr_word""><p>---- --- studying ----- -- --- ---------- ----- ------- --- ---- --- ------- --------- ---- --- ------ -------- -- ------- ----- ------- -- --------- --------</p></div>"," ","1","filler","studying","2","25","false","false","",""
"","163","spr_word","html-keyboard-response","6","3049","0.0-9.0","aev203bp","<div class=""spr_word""><p>---- --- -------- alone -- --- ---------- ----- ------- --- ---- --- ------- --------- ---- --- ------ -------- -- ------- ----- ------- -- --------- --------</p></div>"," ","1","filler","alone","3","25","false","false","",""
"","168","spr_word","html-keyboard-response","7","3218","0.0-11.0","aev203bp","<div class=""spr_word""><p>---- --- -------- ----- in --- ---------- ----- ------- --- ---- --- ------- --------- ---- --- ------ -------- -- ------- ----- ------- -- --------- --------</p></div>"," ","1","filler","in","4","25","false","false","",""
"","168","spr_word","html-keyboard-response","8","3386","0.0-13.0","aev203bp","<div class=""spr_word""><p>---- --- -------- ----- -- the ---------- ----- ------- --- ---- --- ------- --------- ---- --- ------ -------- -- ------- ----- ------- -- --------- --------</p></div>"," ","1","filler","the","5","25","false","false","",""
"","167","spr_word","html-keyboard-response","9","3554","0.0-15.0","aev203bp","<div class=""spr_word""><p>---- --- -------- ----- -- --- bookstore. ----- ------- --- ---- --- ------- --------- ---- --- ------ -------- -- ------- ----- ------- -- --------- --------</p></div>"," ","1","filler","bookstore.","6","25","false","false","",""
"","159","spr_word","html-keyboard-response","10","3713","0.0-17.0","aev203bp","<div class=""spr_word""><p>---- --- -------- ----- -- --- ---------- After ------- --- ---- --- ------- --------- ---- --- ------ -------- -- ------- ----- ------- -- --------- --------</p></div>"," ","1","filler","After","7","25","false","false","",""
"","166","spr_word","html-keyboard-response","11","3879","0.0-19.0","aev203bp","<div class=""spr_word""><p>---- --- -------- ----- -- --- ---------- ----- reading --- ---- --- ------- --------- ---- --- ------ -------- -- ------- ----- ------- -- --------- --------</p></div>"," ","1","filler","reading","8","25","false","false","",""
"","166","spr_word","html-keyboard-response","12","4045","0.0-21.0","aev203bp","<div class=""spr_word""><p>---- --- -------- ----- -- --- ---------- ----- ------- the ---- --- ------- --------- ---- --- ------ -------- -- ------- ----- ------- -- --------- --------</p></div>"," ","1","filler","the","9","25","false","false","",""
"","172","spr_word","html-keyboard-response","13","4218","0.0-23.0","aev203bp","<div class=""spr_word""><p>---- --- -------- ----- -- --- ---------- ----- ------- --- math --- ------- --------- ---- --- ------ -------- -- ------- ----- ------- -- --------- --------</p></div>"," ","1","filler","math","10","25","false","false","",""
"","167","spr_word","html-keyboard-response","14","4385","0.0-25.0","aev203bp","<div class=""spr_word""><p>---- --- -------- ----- -- --- ---------- ----- ------- --- ---- and ------- --------- ---- --- ------ -------- -- ------- ----- ------- -- --------- --------</p></div>"," ","1","filler","and","11","25","false","false","",""
"","183","spr_word","html-keyboard-response","15","4568","0.0-27.0","aev203bp","<div class=""spr_word""><p>---- --- -------- ----- -- --- ---------- ----- ------- --- ---- --- science --------- ---- --- ------ -------- -- ------- ----- ------- -- --------- --------</p></div>"," ","1","filler","science","12","25","false","false","",""
"","160","spr_word","html-keyboard-response","16","4728","0.0-29.0","aev203bp","<div class=""spr_word""><p>---- --- -------- ----- -- --- ---------- ----- ------- --- ---- --- ------- textbooks ---- --- ------ -------- -- ------- ----- ------- -- --------- --------</p></div>"," ","1","filler","textbooks","13","25","false","false","",""
"","169","spr_word","html-keyboard-response","17","4897","0.0-31.0","aev203bp","<div class=""spr_word""><p>---- --- -------- ----- -- --- ---------- ----- ------- --- ---- --- ------- --------- from --- ------ -------- -- ------- ----- ------- -- --------- --------</p></div>"," ","1","filler","from","14","25","false","false","",""
"","161","spr_word","html-keyboard-response","18","5058","0.0-33.0","aev203bp","<div class=""spr_word""><p>---- --- -------- ----- -- --- ---------- ----- ------- --- ---- --- ------- --------- ---- the ------ -------- -- ------- ----- ------- -- --------- --------</p></div>"," ","1","filler","the","15","25","false","false","",""
"","162","spr_word","html-keyboard-response","19","5220","0.0-35.0","aev203bp","<div class=""spr_word""><p>---- --- -------- ----- -- --- ---------- ----- ------- --- ---- --- ------- --------- ---- --- school -------- -- ------- ----- ------- -- --------- --------</p></div>"," ","1","filler","school","16","25","false","false","",""
"","169","spr_word","html-keyboard-response","20","5390","0.0-37.0","aev203bp","<div class=""spr_word""><p>---- --- -------- ----- -- --- ---------- ----- ------- --- ---- --- ------- --------- ---- --- ------ library, -- ------- ----- ------- -- --------- --------</p></div>"," ","1","filler","library,","17","25","false","false","",""
"","161","spr_word","html-keyboard-response","21","5551","0.0-39.0","aev203bp","<div class=""spr_word""><p>---- --- -------- ----- -- --- ---------- ----- ------- --- ---- --- ------- --------- ---- --- ------ -------- he ------- ----- ------- -- --------- --------</p></div>"," ","1","filler","he","18","25","false","false","",""
"","168","spr_word","html-keyboard-response","22","5719","0.0-41.0","aev203bp","<div class=""spr_word""><p>---- --- -------- ----- -- --- ---------- ----- ------- --- ---- --- ------- --------- ---- --- ------ -------- -- dreamed ----- ------- -- --------- --------</p></div>"," ","1","filler","dreamed","19","25","false","false","",""
"","169","spr_word","html-keyboard-response","23","5889","0.0-43.0","aev203bp","<div class=""spr_word""><p>---- --- -------- ----- -- --- ---------- ----- ------- --- ---- --- ------- --------- ---- --- ------ -------- -- ------- about ------- -- --------- --------</p></div>"," ","1","filler","about","20","25","false","false","",""
"","177","spr_word","html-keyboard-response","24","6066","0.0-45.0","aev203bp","<div class=""spr_word""><p>---- --- -------- ----- -- --- ---------- ----- ------- --- ---- --- ------- --------- ---- --- ------ -------- -- ------- ----- proving -- --------- --------</p></div>"," ","1","filler","proving","21","25","false","false","",""
"","178","spr_word","html-keyboard-response","25","6244","0.0-47.0","aev203bp","<div class=""spr_word""><p>---- --- -------- ----- -- --- ---------- ----- ------- --- ---- --- ------- --------- ---- --- ------ -------- -- ------- ----- ------- an --------- --------</p></div>"," ","1","filler","an","22","25","false","false","",""
"","213","spr_word","html-keyboard-response","26","6458","0.0-49.0","aev203bp","<div class=""spr_word""><p>---- --- -------- ----- -- --- ---------- ----- ------- --- ---- --- ------- --------- ---- --- ------ -------- -- ------- ----- ------- -- important --------</p></div>"," ","1","filler","important","23","25","false","false","",""
"","192","spr_word","html-keyboard-response","27","6650","0.0-51.0","aev203bp","<div class=""spr_word""><p>---- --- -------- ----- -- --- ---------- ----- ------- --- ---- --- ------- --------- ---- --- ------ -------- -- ------- ----- ------- -- --------- theorem.</p></div>"," ","1","filler","theorem.","24","25","false","false","",""
"","1215","comprehension","html-button-response","28","7865","0.0-53.0","aev203bp","<div><p>This is a comprehension question!</p></div>","0","","","","","","","","No","false"
